Class,CPU_CLK_UNHALTED.REF_TSC,ICACHE.IFETCH_STALL,ICACHE.MISSES,IDQ.ALL_DSB_CYCLES_4_UOPS,IDQ.ALL_DSB_CYCLES_ANY_UOPS,ITLB_MISSES.WALK_COMPLETED,EPT.WALK_CYCLES,FP_ASSIST.ANY,FP_ASSIST.SIMD_INPUT,FP_ASSIST.SIMD_OUTPUT,DTLB_STORE_MISSES.WALK_COMPLETED,DTLB_STORE_MISSES.WALK_COMPLETED_2M_4M,DTLB_STORE_MISSES.WALK_COMPLETED_4K,DTLB_STORE_MISSES.WALK_DURATION,INST_RETIRED.ANY,INST_RETIRED.ANY_P,INST_RETIRED.PREC_DIST,INT_MISC.RECOVERY_CYCLES,DTLB_LOAD_MISSES.STLB_HIT,DTLB_LOAD_MISSES.STLB_HIT_2M,DTLB_LOAD_MISSES.STLB_HIT_4K,DTLB_LOAD_MISSES.WALK_COMPLETED,HLE_RETIRED.ABORTED_MISC2,HLE_RETIRED.ABORTED_MISC3,HLE_RETIRED.ABORTED_MISC4,HLE_RETIRED.ABORTED_MISC5,FP_ASSIST.X87_INPUT,FP_ASSIST.X87_OUTPUT,HLE_RETIRED.ABORTED,HLE_RETIRED.ABORTED_MISC1,ITLB.ITLB_FLUSH,ITLB_MISSES.MISS_CAUSES_A_WALK,ITLB_MISSES.STLB_HIT,ITLB_MISSES.STLB_HIT_2M,DTLB_STORE_MISSES.PDE_CACHE_MISS,DTLB_STORE_MISSES.STLB_HIT,DTLB_STORE_MISSES.STLB_HIT_2M,DTLB_STORE_MISSES.STLB_HIT_4K,DTLB_LOAD_MISSES.WALK_COMPLETED_2M_4M,DTLB_LOAD_MISSES.WALK_COMPLETED_4K,DTLB_LOAD_MISSES.WALK_DURATION,DTLB_STORE_MISSES.MISS_CAUSES_A_WALK,BR_INST_EXEC.TAKEN_INDIRECT_NEAR_CALL,BR_INST_EXEC.TAKEN_INDIRECT_NEAR_RETURN,BR_INST_RETIRED.ALL_BRANCHES,BR_INST_RETIRED.ALL_BRANCHES_PS,BACLEARS.ANY,BR_INST_EXEC.ALL_BRANCHES,BR_INST_EXEC.ALL_CONDITIONAL,BR_INST_EXEC.ALL_DIRECT_JMP,BR_INST_RETIRED.NEAR_RETURN_PS,BR_INST_RETIRED.NEAR_TAKEN,BR_INST_RETIRED.NEAR_TAKEN_PS,BR_INST_RETIRED.NOT_TAKEN,BR_MISP_EXEC.ALL_BRANCHES,BR_MISP_EXEC.ALL_CONDITIONAL,BR_MISP_EXEC.ALL_INDIRECT_JUMP_NON_CALL_RET,BR_MISP_EXEC.NONTAKEN_CONDITIONAL,BR_INST_EXEC.TAKEN_CONDITIONAL,BR_INST_EXEC.TAKEN_DIRECT_JUMP,BR_INST_EXEC.TAKEN_DIRECT_NEAR_CALL,BR_INST_EXEC.TAKEN_INDIRECT_JUMP_NON_CALL_RET,BR_MISP_RETIRED.NEAR_TAKEN,BR_MISP_RETIRED.NEAR_TAKEN_PS,DTLB_LOAD_MISSES.MISS_CAUSES_A_WALK,DTLB_LOAD_MISSES.PDE_CACHE_MISS,BR_INST_RETIRED.CONDITIONAL,BR_INST_RETIRED.CONDITIONAL_PS,BR_INST_RETIRED.FAR_BRANCH,BR_INST_RETIRED.NEAR_CALL,BR_INST_RETIRED.NEAR_CALL_PS,BR_INST_RETIRED.NEAR_CALL_R3,BR_INST_RETIRED.NEAR_CALL_R3_PS,BR_INST_RETIRED.NEAR_RETURN,BR_INST_EXEC.ALL_DIRECT_NEAR_CALL,BR_INST_EXEC.ALL_INDIRECT_JUMP_NON_CALL_RET,BR_INST_EXEC.ALL_INDIRECT_NEAR_RETURN,BR_INST_EXEC.NONTAKEN_CONDITIONAL,BR_MISP_EXEC.TAKEN_CONDITIONAL,BR_MISP_EXEC.TAKEN_INDIRECT_JUMP_NON_CALL_RET,BR_MISP_EXEC.TAKEN_INDIRECT_NEAR_CALL,BR_MISP_EXEC.TAKEN_RETURN_NEAR,BR_MISP_RETIRED.ALL_BRANCHES,BR_MISP_RETIRED.ALL_BRANCHES_PS,BR_MISP_RETIRED.CONDITIONAL,BR_MISP_RETIRED.CONDITIONAL_PS,L2_TRANS.ALL_REQUESTS,L2_TRANS.CODE_RD,L2_TRANS.DEMAND_DATA_RD,L2_TRANS.L1D_WB,MEM_LOAD_UOPS_L3_HIT_RETIRED.XSNP_MISS,MEM_LOAD_UOPS_L3_HIT_RETIRED.XSNP_MISS_PS,MEM_LOAD_UOPS_L3_HIT_RETIRED.XSNP_NONE,MEM_LOAD_UOPS_L3_HIT_RETIRED.XSNP_NONE_PS,L2_RQSTS.ALL_DEMAND_REFERENCES,L2_RQSTS.ALL_PF,L2_RQSTS.ALL_RFO,L2_RQSTS.CODE_RD_HIT,L2_LINES_OUT.DEMAND_DIRTY,L2_RQSTS.ALL_CODE_RD,L2_RQSTS.ALL_DEMAND_DATA_RD,L2_RQSTS.ALL_DEMAND_MISS,L2_TRANS.L2_FILL,L2_TRANS.L2_WB,LD_BLOCKS.NO_SR,LD_BLOCKS.STORE_FORWARD,ITLB_MISSES.WALK_COMPLETED_2M_4M,ITLB_MISSES.WALK_COMPLETED_4K,ITLB_MISSES.WALK_DURATION,L1D.REPLACEMENT,L2_RQSTS.L2_PF_MISS,L2_RQSTS.MISS,L2_RQSTS.REFERENCES,L2_TRANS.ALL_PF,L2_RQSTS.CODE_RD_MISS,L2_RQSTS.DEMAND_DATA_RD_HIT,L2_RQSTS.DEMAND_DATA_RD_MISS,L2_RQSTS.L2_PF_HIT,MEM_LOAD_UOPS_L3_HIT_RETIRED.XSNP_HIT,MEM_LOAD_UOPS_L3_HIT_RETIRED.XSNP_HITM,MEM_LOAD_UOPS_L3_HIT_RETIRED.XSNP_HITM_PS,MEM_LOAD_UOPS_L3_HIT_RETIRED.XSNP_HIT_PS,L2_LINES_IN.E,L2_LINES_IN.I,L2_LINES_IN.S,L2_LINES_OUT.DEMAND_CLEAN,L1D_PEND_MISS.PENDING,L2_DEMAND_RQSTS.WB_HIT,L2_LINES_IN.ALL,L1D_PEND_MISS.PENDING_CYCLES,MEM_UOPS_RETIRED.SPLIT_STORES_PS,MEM_UOPS_RETIRED.STLB_MISS_LOADS,MEM_UOPS_RETIRED.STLB_MISS_LOADS_PS,MEM_UOPS_RETIRED.STLB_MISS_STORES,PAGE_WALKER_LOADS.DTLB_L2,PAGE_WALKER_LOADS.DTLB_L3,PAGE_WALKER_LOADS.DTLB_MEMORY,PAGE_WALKER_LOADS.EPT_DTLB_L1,MEM_LOAD_UOPS_RETIRED.L3_MISS,MEM_LOAD_UOPS_RETIRED.L3_MISS_PS,MEM_UOPS_RETIRED.ALL_LOADS,MEM_UOPS_RETIRED.ALL_LOADS_PS,MEM_LOAD_UOPS_RETIRED.L2_MISS,MEM_LOAD_UOPS_RETIRED.L2_MISS_PS,MEM_LOAD_UOPS_RETIRED.L3_HIT,MEM_UOPS_RETIRED.STLB_MISS_STORES_PS,MISALIGN_MEM_REF.LOADS,MISALIGN_MEM_REF.STORES,MOVE_ELIMINATION.INT_ELIMINATED,MEM_LOAD_UOPS_L3_MISS_RETIRED.LOCAL_DRAM,MEM_LOAD_UOPS_L3_MISS_RETIRED.LOCAL_DRAM_PS,MEM_LOAD_UOPS_RETIRED.HIT_LFB,MEM_LOAD_UOPS_RETIRED.HIT_LFB_PS,MEM_UOPS_RETIRED.SPLIT_LOADS,MEM_UOPS_RETIRED.SPLIT_LOADS_PS,MEM_UOPS_RETIRED.SPLIT_STORES,MEM_UOPS_RETIRED.ALL_STORES,MEM_UOPS_RETIRED.ALL_STORES_PS,MEM_UOPS_RETIRED.LOCK_LOADS,MEM_UOPS_RETIRED.LOCK_LOADS_PS,MOVE_ELIMINATION.INT_NOT_ELIMINATED,MOVE_ELIMINATION.SIMD_ELIMINATED,MOVE_ELIMINATION.SIMD_NOT_ELIMINATED,PAGE_WALKER_LOADS.DTLB_L1,MEM_LOAD_UOPS_RETIRED.L2_HIT,MEM_LOAD_UOPS_RETIRED.L2_HIT_PS,MEM_LOAD_UOPS_RETIRED.L1_HIT,MEM_LOAD_UOPS_RETIRED.L1_HIT_PS,MEM_LOAD_UOPS_RETIRED.L1_MISS,MEM_LOAD_UOPS_RETIRED.L1_MISS_PS,TX_EXEC.MISC1,TX_EXEC.MISC2,TX_EXEC.MISC3,TX_EXEC.MISC4,UOPS_EXECUTED.CYCLES_GE_4_UOPS_EXEC,UOPS_EXECUTED.STALL_CYCLES,UOPS_ISSUED.ANY,UOPS_ISSUED.CORE_STALL_CYCLES,RS_EVENTS.EMPTY_END,RTM_RETIRED.ABORTED,RTM_RETIRED.ABORTED_MISC1,RTM_RETIRED.ABORTED_MISC2,RESOURCE_STALLS.RS,RESOURCE_STALLS.SB,ROB_MISC_EVENTS.LBR_INSERTS,RS_EVENTS.EMPTY_CYCLES,TX_EXEC.MISC5,TX_MEM.ABORT_CAPACITY_WRITE,TX_MEM.ABORT_CONFLICT,TX_MEM.ABORT_HLE_ELISION_BUFFER_MISMATCH,PAGE_WALKER_LOADS.EPT_DTLB_L2,PAGE_WALKER_LOADS.EPT_DTLB_L3,PAGE_WALKER_LOADS.EPT_DTLB_MEMORY,PAGE_WALKER_LOADS.EPT_ITLB_L1,RTM_RETIRED.COMMIT,RTM_RETIRED.START,TLB_FLUSH.DTLB_THREAD,TLB_FLUSH.STLB_ANY,RTM_RETIRED.ABORTED_MISC3,RTM_RETIRED.ABORTED_MISC4,RTM_RETIRED.ABORTED_MISC5,RTM_RETIRED.ABORTED_PS,UOPS_EXECUTED.CORE,UOPS_EXECUTED.CYCLES_GE_1_UOPS_EXEC,UOPS_EXECUTED.CYCLES_GE_2_UOPS_EXEC,UOPS_EXECUTED.CYCLES_GE_3_UOPS_EXEC,PAGE_WALKER_LOADS.ITLB_L2,PAGE_WALKER_LOADS.ITLB_L3,RESOURCE_STALLS.ANY,RESOURCE_STALLS.ROB,PAGE_WALKER_LOADS.EPT_ITLB_L2,PAGE_WALKER_LOADS.EPT_ITLB_L3,PAGE_WALKER_LOADS.EPT_ITLB_MEMORY,PAGE_WALKER_LOADS.ITLB_L1,OFFCORE_REQUESTS_OUTSTANDING.ALL_DATA_RD,OFFCORE_REQUESTS_OUTSTANDING.CYCLES_WITH_DATA_RD,OFFCORE_REQUESTS_OUTSTANDING.CYCLES_WITH_DEMAND_DATA_RD,OFFCORE_REQUESTS_OUTSTANDING.DEMAND_CODE_RD,OFFCORE_REQUESTS.ALL_DATA_RD,OFFCORE_REQUESTS.DEMAND_CODE_RD,OFFCORE_REQUESTS.DEMAND_DATA_RD,OFFCORE_REQUESTS.DEMAND_RFO,UOPS_ISSUED.FLAGS_MERGE,UOPS_ISSUED.SINGLE_MUL,UOPS_ISSUED.SLOW_LEA,UOPS_ISSUED.STALL_CYCLES,OFFCORE_RESPONSE:request=ALL_CODE_RD:response=L3_HIT.ANY_RESPONSE,OFFCORE_RESPONSE:request=ALL_CODE_RD:response=L3_HIT.HITM_OTHER_CORE,OFFCORE_REQUESTS_OUTSTANDING.DEMAND_DATA_RD,OFFCORE_REQUESTS_OUTSTANDING.DEMAND_RFO,UOPS_RETIRED.RETIRE_SLOTS_PS,UOPS_RETIRED.STALL_CYCLES,UOPS_RETIRED.TOTAL_CYCLES,UOPS_RETIRED.ALL,UOPS_RETIRED.ALL_PS,UOPS_RETIRED.CORE_STALL_CYCLES,UOPS_RETIRED.RETIRE_SLOTS
dirty,20000,2371,2059,1305,1985,295,1840,0,0,0,42,0,42,4854,0,18776,18776,669,174,0,174,308,0,0,0,0,0,0,0,0,0,815,579,0,23,430,0,430,0,0,2099,24,1030,4888,19986,24153,3777,31610,21308,2203,6498,10282,15367,7808,1273,860,66,446,11409,2818,3706,505,464,1306,756,155,14097,19065,104,9086,7304,4476,8161,9068,3320,356,3936,13432,611,17,182,83,493,1792,289,289,14930,6284,2427,587,16,15,524,324,9269,663,286,4145,611,6176,1871,3269,3176,279,0,332,0,333,25471,216,129,3300,8614,129,2296,855,1029,111,0,0,0,0,2565,0,4534,6428,4397,164,3445,3035,118,329,194,24,0,0,0,19,193,449,6788,10074,1064,3360,938,20,0,0,2306,133,957,1197,2991,0,32,158,4511,5493,2266,2428,21,0,0,21,830,1131,5852,7164,1317,1317,0,0,0,0,2283,11014,23822,11286,20000,20000,20000,20000,1763,1272,0,5156,0,0,0,0,21,21,0,0,0,0,26,26,0,0,0,0,40598,12051,8239,5043,0,0,5006,797,23,0,0,23,72697,13174,15099,9753,2476,4738,2288,377,21,0,62,17362,0,0,102437,62774,14484,13203,21317,27163,27163,12045,21112
dirty,20000,2755,1910,1157,2222,318,1866,0,0,0,82,0,82,4866,0,18702,18702,609,113,0,113,478,0,0,0,0,0,0,0,0,0,933,511,0,0,352,0,352,0,0,2036,136,958,4499,18766,23898,4121,30959,21120,2151,7115,11160,15796,8190,1189,843,75,572,9678,2355,3243,322,461,1649,1011,177,13575,13542,79,8709,7172,4864,7430,9316,2758,409,3667,12145,533,79,138,99,624,629,589,589,12061,5497,1841,547,0,13,465,656,10093,629,221,4673,629,6567,2403,3619,3887,270,0,426,0,235,23265,345,221,3177,8536,193,2166,828,1003,127,0,0,0,0,2803,0,4378,6136,4176,116,3208,3569,133,311,294,22,15,0,0,0,172,898,6773,6578,1404,3719,1053,62,0,0,2462,258,449,1467,1488,23,30,0,4223,8839,1770,5736,20,0,0,0,1066,1734,6108,10286,2050,2050,0,0,0,0,2237,10813,24640,11738,20000,20000,20000,20000,1692,1182,0,5076,0,0,0,0,101,0,0,25,0,0,26,0,0,0,0,0,39634,11372,7805,4970,0,0,5047,935,0,23,0,0,68756,13595,16729,8893,2590,4518,2314,331,20,0,101,16925,0,0,94454,78540,13453,14075,20278,26334,26334,11833,20109
dirty,20000,2789,2246,1246,1860,302,2136,0,0,0,42,0,42,5110,0,19237,19237,763,170,0,170,276,0,0,0,0,0,0,0,0,18,946,518,0,0,428,0,428,0,23,2094,92,1095,4772,20477,23401,3576,31521,21274,2198,6172,9569,15600,7108,1480,848,18,487,10338,2578,3170,331,329,1592,1073,208,13338,18420,86,8678,7271,4902,7341,9493,3043,363,3876,12703,541,58,97,116,600,1538,377,377,13917,5550,2331,781,32,40,700,530,9457,607,288,4457,619,6077,2079,3379,3513,364,13,351,0,376,23655,290,148,3528,8915,148,1970,898,914,32,0,0,0,0,2866,0,5167,6592,4100,129,2970,3406,276,276,579,0,0,0,18,18,306,85,8724,13454,1424,1689,1153,0,50,0,3184,73,1036,1522,2684,48,27,72,3882,5297,2039,4883,20,0,0,20,1006,1065,6225,11923,2097,2097,0,0,0,0,2350,11444,23552,12215,20000,20000,20000,20000,1613,1366,0,4896,0,0,0,0,40,20,0,40,0,0,0,24,0,0,0,0,41389,12091,8163,4911,0,0,5614,753,22,22,0,0,106006,14074,15427,10048,2269,3997,2313,264,20,0,61,16870,0,0,109111,79161,13024,14148,20978,27269,27269,12015,20753
dirty,20000,2808,2182,1290,1935,346,2014,0,0,0,22,0,22,4792,0,18877,18877,582,180,0,180,441,0,0,0,0,0,0,0,0,0,967,575,0,43,386,0,386,0,22,2371,110,703,3489,14461,23091,3662,31370,21370,2305,6756,10213,9988,7912,1017,914,15,486,9305,2299,3147,381,417,1423,930,171,14221,18945,91,9228,7055,4812,7332,9435,3188,415,3886,13046,511,53,123,123,568,1038,444,444,15351,6458,2644,738,17,32,452,474,9010,652,233,4633,487,5683,1854,2760,4018,313,0,287,0,293,24267,191,168,3171,9131,290,1918,751,805,67,0,0,0,0,3033,0,6618,8084,4139,194,3639,3583,228,365,365,46,16,16,0,33,271,616,8726,11110,1118,3092,854,88,0,0,2563,101,1378,1281,3159,45,80,22,4340,5273,1943,5028,0,0,0,22,988,2014,6324,6914,1689,1689,0,0,0,0,2147,11377,22753,11030,20000,20000,20000,20000,1655,1295,0,5360,0,0,0,0,58,19,0,0,0,0,0,25,0,0,0,0,42754,11695,7528,4562,0,0,5246,522,0,53,0,0,89958,13451,17364,9488,2373,4550,2230,196,22,0,86,17051,0,0,96359,80615,13322,13750,20230,26314,26314,12026,20292
dirty,20000,2343,1993,1364,2098,410,2172,0,0,0,101,0,101,4929,0,19534,19534,608,157,0,157,472,0,0,0,0,0,0,0,0,22,990,616,0,42,421,0,421,0,23,2100,68,843,3683,15809,24118,3915,31361,20988,2221,6307,9524,15260,7440,1333,970,27,498,9302,2118,3032,397,407,1351,1055,278,14207,18805,49,8948,7384,4643,5298,9537,2975,395,3858,12783,545,53,176,211,564,2054,441,441,14059,6037,2218,698,0,0,496,428,8832,730,310,4325,599,5423,1995,3087,4587,367,0,395,0,230,24009,187,161,3518,8964,234,1912,854,895,14,0,0,0,0,3019,0,4874,6997,3574,124,3217,3465,137,274,303,0,0,0,0,17,124,234,6609,7175,1421,1384,926,20,0,0,2234,223,924,1488,7129,22,351,87,4298,12375,1982,6025,22,0,0,0,1081,2182,5616,10219,1566,1566,0,0,0,0,2198,11062,23919,11575,20000,20000,20000,20000,1767,1358,0,5172,0,0,0,0,40,0,0,0,0,0,22,0,0,0,0,0,39984,11520,7727,4483,0,0,5127,751,0,26,0,0,70520,13008,15691,10862,2535,4066,2272,428,21,0,43,16702,0,0,102052,71292,13311,14407,20830,27656,27656,12536,21187
dirty,20000,2412,2023,1556,2568,414,1985,0,0,0,22,0,22,4852,0,17287,17287,313,181,0,181,384,0,0,0,0,0,0,0,0,0,798,547,0,42,501,0,501,0,22,2210,22,718,3590,16011,24334,3804,31677,21789,2028,6371,10012,16099,7317,1139,915,75,495,10859,2642,3567,423,383,1695,1049,202,12224,16516,82,7817,7390,4827,6929,9403,2707,361,3450,11953,608,17,104,226,476,1029,408,408,12816,5295,1986,602,0,67,479,700,9144,604,302,4411,555,5856,1851,3146,3424,341,0,366,0,230,23548,230,80,4069,9486,254,1977,845,989,57,0,0,0,0,2702,0,4412,6475,4592,76,3444,3369,142,261,310,24,0,0,0,35,194,461,7306,12045,1200,2156,834,0,0,19,2109,140,426,1573,3172,23,60,141,4309,6807,1932,5719,0,0,0,38,925,3012,6354,6448,1594,1594,0,0,0,0,2173,11256,23740,11665,20000,20000,20000,20000,1803,1196,0,4843,0,0,0,0,21,42,21,0,0,0,25,25,0,0,0,0,40795,11792,7442,4393,0,0,5481,926,0,0,0,0,120459,14878,16544,9373,2519,4441,2154,249,22,0,132,17080,0,0,91836,67037,12831,14488,20813,27451,27451,11665,21048
dirty,20000,2417,2011,1365,2048,423,2244,0,0,0,85,0,85,5150,0,19012,19012,370,110,0,110,396,0,0,0,0,0,0,0,0,0,782,568,0,42,357,0,357,0,62,4099,104,876,3692,16834,23460,3730,31527,21533,2157,7189,11062,15962,8384,1504,952,31,476,10226,2450,3381,479,386,1275,973,252,13085,15231,161,8246,7417,4974,4659,9473,3327,339,4162,13902,544,18,73,127,488,1181,416,416,16498,7082,2412,545,17,32,650,742,8641,618,325,4849,740,5640,1711,3068,4368,331,0,344,0,299,22898,378,144,3518,9257,260,1839,798,770,29,0,0,0,0,2864,0,4592,6064,3809,112,3134,3317,71,212,268,24,0,17,0,52,179,400,7254,11366,1451,1403,1209,45,0,45,2500,79,468,1488,7508,21,264,64,4287,12672,1755,4449,18,0,0,37,905,1054,5738,10091,2197,2197,0,0,0,0,2350,10729,23971,11913,20000,20000,20000,20000,1932,1227,0,5070,0,0,0,0,0,0,0,0,0,0,0,24,0,0,0,0,45782,12101,7773,4408,0,0,5317,820,0,0,0,0,108565,14383,16323,9123,2530,4067,2324,300,21,0,21,16691,0,0,96077,73892,13317,14267,20650,26052,26052,11816,20542
dirty,20000,2805,2337,1443,2317,410,1942,0,0,0,0,0,0,4793,0,18831,18831,685,231,0,231,531,0,0,0,0,0,0,0,0,0,738,434,0,82,368,0,368,0,41,3648,164,956,4287,19059,23789,3959,30914,21091,2145,6428,9972,16156,7490,1205,987,29,508,10013,2506,3453,422,396,1413,861,276,12190,18633,142,7952,7368,4711,7906,9267,3455,435,4113,13326,524,35,157,70,495,371,385,385,13869,5682,1949,673,18,21,459,837,9198,763,286,4321,614,5335,2031,3092,3556,364,0,303,0,294,26021,250,176,3500,8750,206,2140,723,1001,69,0,0,0,0,2916,0,4681,6493,4121,78,3344,3250,113,520,319,45,0,15,0,15,250,417,6647,8724,1261,5106,882,21,0,0,2422,180,439,1598,7317,0,90,69,4345,8205,1981,3508,0,0,0,0,875,1966,6226,6944,1859,1859,0,0,0,0,2190,10952,22032,11968,20000,20000,20000,20000,1843,1348,0,5253,0,0,0,0,57,0,0,0,0,0,24,0,0,0,0,0,42011,11384,7703,4393,0,0,5349,939,0,0,0,67,101434,14772,15743,8992,2319,4116,2130,275,20,0,123,17342,0,0,119741,78382,13434,14035,20785,24564,24564,11709,19145
dirty,20000,2463,2218,1275,2009,355,1864,0,0,0,41,0,41,4922,0,18793,18793,664,125,0,125,374,0,0,0,0,0,0,0,0,44,925,573,0,0,542,0,542,0,44,2124,66,1045,4652,19182,23440,3955,30722,21105,2147,6023,9117,10238,7010,1147,1130,98,508,10143,2443,3700,314,330,1477,1008,209,12450,19228,72,8223,7509,4579,7246,9298,3273,372,3985,12677,660,34,169,220,451,535,361,361,12509,5315,1792,507,0,39,524,496,9076,605,387,4454,673,5583,2092,3542,3620,267,0,401,0,390,36621,260,211,3932,9373,226,1957,875,993,89,0,0,0,0,2386,0,4681,6332,4567,77,3877,3433,119,502,340,48,0,0,0,17,272,975,7180,6688,1471,3370,950,20,0,0,2262,115,234,1652,2343,24,45,95,4053,7392,2107,4190,20,0,0,20,789,1817,6390,15415,1726,1726,0,0,0,0,2273,11154,23077,11521,20000,20000,20000,20000,2008,1184,0,4989,0,0,0,0,19,0,19,19,0,0,0,24,0,0,0,0,41581,11862,7715,4585,25,25,5261,844,0,0,0,0,98888,14144,15878,9637,2519,4322,2414,283,21,0,85,17131,0,0,103192,83480,13200,13901,20468,26593,26593,11907,20352
dirty,20000,2636,1935,1284,1918,312,2138,0,0,0,44,0,44,4743,0,20333,20333,665,142,0,142,307,0,0,0,0,0,0,0,0,0,848,509,0,0,456,0,456,0,22,2159,87,980,3997,18014,23403,3944,30989,20817,2285,6074,9149,15967,6997,1160,882,62,418,9950,2217,3224,466,461,1748,1114,307,11884,18572,81,7698,7390,4789,5250,9449,3093,316,3753,12392,542,80,128,159,474,1181,419,419,12667,5686,1886,549,16,6,484,328,9371,669,229,3869,685,5478,2070,3264,3600,422,0,310,0,233,23484,219,126,3625,8244,182,1662,825,798,79,0,0,0,0,2823,0,4715,6624,3693,90,3286,3768,140,256,115,47,17,0,0,0,179,742,7090,8406,1348,2567,950,73,0,0,2343,123,376,1809,2185,23,85,23,4681,9545,2298,6109,0,0,0,0,765,2014,6325,6108,1826,1826,0,0,0,0,2224,11379,22172,11103,20000,20000,20000,20000,1918,1264,0,5058,0,0,0,0,22,22,0,0,0,0,26,0,0,0,0,0,42524,11582,7880,4676,0,0,5632,695,0,0,0,0,78791,13138,14620,8772,2647,4216,2187,285,40,0,40,17042,0,0,89795,84376,12944,15007,20880,25735,25735,11613,20287
dirty,20000,2626,2201,1295,1952,356,2178,0,0,0,21,0,21,4905,0,19392,19392,650,151,0,151,410,0,0,0,0,0,0,0,0,0,909,859,0,61,486,0,486,0,24,1881,214,996,4625,19212,19210,3718,30977,21117,2107,7095,10794,13720,8095,1261,929,33,481,8026,1800,2560,293,324,1493,953,162,12890,19241,72,8484,7081,4831,7039,9127,2945,409,3722,12740,568,36,178,142,674,2026,449,449,12930,5625,1844,646,0,37,469,661,9488,650,292,4322,561,6816,2356,3534,3764,294,0,307,0,333,23476,238,143,3379,8848,215,2007,788,981,59,0,0,0,0,2935,0,6167,8012,3598,117,2899,3569,197,321,232,0,0,15,0,0,154,240,7259,8255,1296,3139,1045,46,0,0,2694,164,1019,1336,4103,23,113,117,4038,12520,1829,4296,0,0,0,47,1040,1260,6142,10780,1382,1382,0,0,0,0,2411,10627,25053,12073,20000,20000,20000,20000,1735,1376,0,5563,0,0,0,0,0,0,0,0,0,0,25,0,0,0,0,0,40185,11327,7675,4465,0,0,4866,686,0,0,0,0,92274,13847,16308,9673,2324,4394,2103,373,0,0,63,17050,0,0,110710,67447,13124,14625,20597,26157,26157,12028,19769
dirty,20000,2605,2224,1323,2425,368,1755,0,0,0,0,0,0,4921,0,15872,15872,674,97,0,97,333,0,0,0,0,0,0,0,0,0,811,570,0,44,440,0,440,0,0,2070,171,1064,4357,18792,18014,3684,33325,22529,2169,6362,9886,15948,7569,1339,1102,52,367,10169,2500,3542,339,233,1283,883,183,14320,19572,106,9051,7127,4631,7464,9137,3187,493,4029,13554,572,67,118,151,637,2025,450,450,12965,5723,1916,617,33,0,589,589,8525,583,227,4295,473,5462,1869,3311,3655,268,0,348,0,335,24215,282,173,3069,8300,173,2480,902,1006,104,0,0,0,0,3294,0,6558,8625,4169,127,3850,3071,140,350,145,23,0,16,0,16,138,402,6837,15419,1053,2267,846,22,0,0,2778,71,980,1146,6927,45,637,67,4311,8906,1943,2532,0,0,0,0,1289,1809,5382,5998,1311,1311,0,0,0,0,2319,11014,23514,11757,20000,20000,20000,20000,1716,1102,0,5085,0,0,0,0,23,23,23,0,0,0,0,25,0,0,0,0,40601,12034,8206,4687,0,0,5170,723,0,0,0,0,111904,15022,16687,9280,2291,4078,2328,242,18,0,73,17560,0,0,86791,66187,13192,13654,20481,26796,26796,11930,20572
dirty,20000,2946,2068,1281,2031,280,1792,0,0,0,22,0,22,5027,0,19850,19850,556,157,0,157,337,0,0,0,0,0,0,0,0,0,741,556,0,105,607,0,607,0,20,3878,122,1012,4573,19747,23728,3913,30789,21321,2053,6449,9681,15139,7449,1349,987,33,477,9390,2342,3203,338,399,1522,1014,163,12903,18961,88,8270,7210,4937,6727,9545,2586,418,3578,11667,576,16,160,64,494,1197,379,379,12360,5299,1826,450,0,32,486,524,9344,689,279,4656,458,5158,2120,3266,3753,192,0,397,0,339,22789,308,131,3157,8199,144,2077,738,1000,77,0,0,0,0,2611,0,4979,6705,5204,229,4546,3746,172,295,295,25,17,17,0,17,157,259,7789,11279,1162,2103,902,21,0,0,2511,163,1016,1341,6116,24,98,96,4516,8820,1956,4113,0,0,0,44,1044,1880,6200,6154,1400,1400,0,0,0,0,2080,11329,23409,11346,20000,20000,20000,20000,1854,1063,0,5229,0,0,0,0,0,0,0,25,0,0,0,25,0,0,0,0,40751,11836,7761,4298,0,0,5428,724,0,0,0,0,71264,12780,16841,8953,2457,4951,2744,323,21,0,0,16586,0,0,96424,78165,13389,14883,21091,26358,26358,12243,20490
dirty,20000,2740,2086,1472,2495,287,2011,0,0,0,97,0,97,5005,0,19980,19980,596,196,0,196,393,0,0,0,0,0,0,0,0,0,833,556,0,22,469,0,469,0,0,1888,62,900,4015,18029,23733,4176,37143,24176,2637,6899,10674,14624,8295,1188,996,87,507,9606,2432,3193,468,348,1288,818,209,14187,12890,131,9113,7426,5000,8872,9604,3176,428,3793,13310,586,18,124,124,649,474,445,445,12203,5399,1846,540,0,29,496,596,9308,640,242,4637,710,6688,2634,4473,3933,402,13,350,0,235,24717,191,133,3714,9108,177,2593,947,1351,47,0,0,0,0,2595,0,4678,6356,4285,150,3191,3536,188,399,221,23,0,0,0,27,244,296,6673,13413,1267,2033,908,0,0,0,2742,197,1447,1616,7091,21,58,86,4206,8282,2083,5760,20,0,0,0,902,993,6164,9439,1777,1777,0,0,0,0,2224,11249,23555,11832,20000,20000,20000,20000,1982,1276,0,4806,0,0,0,0,0,0,0,0,0,0,0,0,0,0,0,0,40598,11393,7775,4493,0,0,5062,784,27,0,0,0,78117,12964,16003,10008,3004,4412,2563,252,22,0,45,17156,0,0,98075,83771,13065,14489,20913,26146,26146,11752,19928
dirty,20000,2576,2211,1582,2394,327,2056,0,0,0,22,0,22,4538,0,19261,19261,639,175,0,175,350,0,0,0,0,0,0,0,0,18,693,474,0,21,538,0,538,0,21,2353,126,907,4108,18187,23164,3591,30200,20399,1970,6458,9985,10643,7813,1235,991,27,421,7499,1862,2590,281,409,1708,1021,204,14071,18491,95,8775,7356,4728,7679,9311,2720,297,3285,10987,598,54,217,109,468,1475,420,420,13343,5769,1805,536,32,7,413,631,9487,669,327,4463,633,6209,1995,3399,3671,331,0,356,0,323,22018,436,153,3346,9290,290,2262,738,877,77,0,0,0,0,2689,0,4566,6106,4566,137,4003,4110,143,263,344,48,0,0,13,0,153,337,7659,6601,1323,3581,942,46,0,0,2936,159,2040,1491,7917,39,80,59,4433,7906,1946,3595,0,0,0,19,955,1112,5670,11050,1578,1578,0,0,0,0,2161,10821,23839,11464,20000,20000,20000,20000,1818,1318,0,5159,0,0,0,0,0,24,0,24,0,0,0,24,0,0,0,0,41354,12648,7956,4837,0,0,4806,814,0,0,0,0,106091,13605,17138,9704,2410,4213,2391,323,0,0,42,17755,0,0,105793,74921,12891,14792,20879,24501,24501,12487,19562
dirty,20000,2620,2103,1273,1863,354,2039,0,0,0,21,0,21,4882,0,17776,17776,603,129,0,129,258,0,0,0,0,0,0,0,0,0,860,551,0,62,519,0,519,0,21,2211,125,928,4079,18805,19881,3933,31077,20941,2295,7308,11329,14446,8790,1025,877,30,416,9015,2221,3069,418,395,1560,883,226,12391,19837,69,7788,7591,4802,6993,9319,2657,348,3159,11179,540,36,216,126,629,1064,377,377,13098,5558,1885,624,0,15,531,700,9147,701,287,4574,628,5830,2085,3585,3969,337,0,363,0,220,24203,191,168,3092,8409,207,2566,926,1185,46,0,0,0,0,2658,0,4880,6411,3739,110,3315,3126,123,294,276,74,0,0,0,22,165,199,6069,10047,1330,1192,909,44,0,0,2719,86,439,1567,6792,22,61,22,4290,7836,2063,6315,0,0,0,0,994,1247,5761,10765,1450,1450,0,0,0,0,1997,11225,22366,11644,20000,20000,20000,20000,1944,1188,0,4687,0,0,0,0,33,33,0,33,0,0,24,48,0,0,0,0,42240,12429,8517,4826,0,0,5093,681,0,26,0,0,76755,13462,15545,10847,2606,4214,2348,296,38,0,76,16339,0,0,97950,92874,12950,14618,20425,25818,25818,11852,20181
dirty,20000,2724,2057,1467,2305,280,1792,0,0,0,44,0,44,4650,0,17743,17743,546,191,0,191,360,0,0,0,0,0,0,0,0,0,731,670,0,22,377,0,377,0,46,1896,116,912,4119,17789,23733,3684,31349,21738,2244,7659,11006,16063,8351,1234,938,33,411,9299,2122,3104,419,272,1532,1021,170,13213,18542,90,8518,7707,4825,7914,9207,2860,360,3611,12263,516,69,138,86,556,655,455,455,14396,6047,2366,797,17,51,477,465,9277,723,385,4462,680,5991,2085,3295,3681,257,0,368,0,355,23466,256,177,3532,8756,280,2460,984,1030,46,0,0,0,0,2588,0,4526,6381,4009,150,3468,3048,159,341,277,23,0,0,0,22,193,303,6837,12688,1416,1162,1057,56,0,0,2535,157,1290,1454,3612,0,100,61,4761,12303,2170,5897,41,0,0,20,1115,2087,5092,8837,1471,1471,0,0,0,0,2335,11577,23194,12315,20000,20000,20000,20000,1904,1134,0,4749,0,0,0,0,0,41,0,0,0,0,23,0,0,0,0,0,45897,12718,8384,5009,0,0,5107,791,0,21,0,21,61929,12386,15330,7208,2669,4671,2476,404,42,0,42,16776,0,0,98033,78800,13167,14194,20829,27977,27977,12179,22432
dirty,20000,2938,2027,943,1524,385,1935,0,0,0,109,0,109,4728,0,19957,19957,701,151,0,151,264,0,0,0,0,0,0,0,0,39,934,564,0,0,470,0,470,0,21,1968,64,973,4351,19558,23851,3729,31084,21192,2080,7841,12016,16365,8717,1291,1058,78,513,9369,2291,3265,370,311,1464,769,146,12798,18682,71,7912,7802,5165,7278,9908,3063,347,3663,12674,597,72,181,145,565,1979,494,494,13016,5977,2057,635,17,15,486,622,8909,737,246,4485,605,5910,2225,3468,3673,347,0,408,0,373,35502,279,103,3415,8603,222,2245,838,885,47,0,0,0,0,2941,0,4515,6853,4169,89,3442,3724,129,194,456,22,22,0,0,22,192,490,6692,11812,1377,6566,978,21,0,0,2484,114,1047,1629,4394,20,116,60,4834,12549,2318,4281,0,0,0,19,1036,2482,5772,7340,1707,1707,0,0,0,0,1647,12081,20405,10809,20000,20000,20000,20000,1739,1183,0,4835,0,0,0,0,0,0,0,51,0,0,24,48,0,0,0,0,39144,10945,7433,4572,0,0,4730,770,0,0,0,0,98206,13522,16628,9601,2355,4083,2116,298,39,0,59,17382,0,0,87129,63823,13349,14231,20472,26198,26198,12216,20342
dirty,20000,2675,2037,1222,2090,345,1806,0,0,0,22,0,22,4894,0,19688,19688,646,178,0,178,311,0,0,0,0,0,0,0,0,0,900,585,0,41,446,0,446,0,44,1967,44,955,4115,17134,19946,3985,31064,21457,2218,7557,11987,14605,9104,1357,1089,34,503,8977,2139,3226,362,302,1316,924,142,14363,19587,48,8983,7450,4618,7458,9912,3029,334,3819,12836,646,17,136,102,460,2107,378,378,12834,5681,1808,568,16,7,656,467,8922,635,251,4495,731,6017,2129,3517,3770,426,0,297,0,223,24395,119,223,3343,8830,265,1992,816,847,63,0,0,0,0,2766,0,4868,6115,3905,127,3286,3000,115,300,158,46,0,20,0,0,187,312,6965,7010,1128,2470,1015,40,0,0,2176,263,1725,1789,2503,22,275,43,5109,7780,2463,5817,0,0,0,0,986,1103,5226,7228,1642,1642,0,0,0,0,2198,11158,22743,11261,20000,20000,20000,20000,1718,1180,0,5424,0,0,0,0,26,0,0,0,0,0,45,0,0,0,0,0,40400,11179,7502,4640,0,0,5127,770,0,0,0,25,85525,12876,15929,9079,2588,4427,2323,249,44,0,65,17186,0,0,101884,90612,12356,14418,20913,25619,25619,11562,20467
dirty,20000,2984,1996,1230,1996,230,1996,0,0,0,19,0,19,4768,0,18543,18543,479,145,0,145,339,0,0,0,0,0,0,0,0,0,812,520,0,21,290,0,290,0,0,2284,123,1054,4621,18643,23489,3663,30446,20322,1980,7341,11003,15264,8217,1328,1048,30,413,10165,2521,3526,399,318,1423,843,300,13468,14557,27,8306,7365,4738,4164,9528,3035,363,3799,12588,550,32,178,146,597,494,457,457,12898,5699,1984,593,0,36,605,471,8930,627,245,4052,556,6189,2213,3385,4343,356,11,323,0,259,22253,146,147,4142,9424,295,2489,1023,955,85,0,0,0,0,2573,0,4910,7012,5094,314,5204,3836,165,329,311,47,0,0,0,0,233,190,6978,8235,1166,2697,929,40,0,0,2738,125,960,1750,7143,21,63,83,4302,7988,1860,3307,0,0,0,0,885,1057,6448,9062,1454,1454,0,0,0,0,2425,10751,23638,11095,20000,20000,20000,20000,1857,1103,0,4871,0,0,0,0,23,0,0,0,0,0,23,0,0,0,0,0,43210,11701,7648,4349,0,0,5233,974,0,24,0,0,69225,12952,15771,10023,2844,4202,2306,284,40,0,20,16984,0,0,116767,61526,13380,14452,20824,24836,24836,11188,19036
dirty,20000,2688,2361,1272,2071,354,2016,0,0,0,81,0,81,5181,0,21118,21118,591,130,0,130,346,0,0,0,0,0,0,0,0,42,988,610,0,67,424,0,424,0,0,2227,106,856,4176,17382,18541,3798,30068,20467,2102,7654,11325,16011,8642,1280,994,60,527,10040,2434,3426,384,377,1563,988,198,14049,15893,148,9481,7492,4684,6526,9136,2755,343,3415,11347,551,50,150,67,532,2147,582,582,13110,5898,1893,747,0,7,677,391,9172,577,213,4404,665,6528,2053,3240,3977,277,0,393,0,355,24154,263,98,3371,8483,211,2000,697,970,76,0,0,0,0,2665,0,4824,6340,3534,122,2955,3610,142,377,289,71,0,0,0,0,128,344,8030,7294,1396,4164,1117,42,0,0,2683,199,378,1659,3377,22,46,45,4068,12437,1798,2389,0,0,0,0,988,3932,6364,10512,1710,1710,0,0,0,0,2206,11139,23646,11212,20000,20000,20000,20000,1563,1229,0,5198,0,0,0,0,0,24,0,24,0,0,0,0,0,0,0,0,40334,11344,7612,4589,0,0,4969,890,0,0,0,0,114499,14598,16979,9097,2467,3992,2429,320,0,0,106,17521,0,0,100398,83480,13120,14368,20530,24978,24978,12245,19511
dirty,20000,2898,1807,1252,2093,341,1839,0,0,0,0,0,0,4603,0,19482,19482,642,132,0,132,287,0,0,0,0,0,0,0,0,0,695,590,0,21,535,0,535,0,0,1834,66,1000,4333,18696,23522,3541,30072,19821,1974,7690,11577,14706,8781,1148,858,58,378,9696,2343,3236,388,377,1431,979,226,13621,18406,110,8672,7134,4723,7620,9544,2908,362,3405,11597,510,51,136,85,535,2389,454,454,13043,5447,1957,592,16,31,501,477,9258,684,267,4237,610,5867,2257,3610,3460,264,0,345,0,174,23213,274,176,3277,8802,191,2139,781,1062,31,0,0,0,0,2800,0,4729,6200,3461,31,3772,3305,164,282,303,23,0,0,0,0,147,230,6849,12496,1074,5741,1280,21,21,0,2824,281,989,1405,4213,45,25,45,4731,4433,2354,3929,0,0,0,0,1070,1673,6154,15093,1703,1703,0,0,0,0,1928,11748,20948,11209,20000,20000,20000,20000,2087,1376,0,5638,0,0,0,0,0,0,0,0,0,0,0,0,0,0,0,0,39728,10800,7425,4159,0,0,5358,739,0,0,0,0,84688,12928,15888,8992,2235,4326,2139,269,21,0,63,17176,0,0,88889,78632,13021,14598,21117,26842,26842,12240,21218
dirty,20000,2603,1983,1345,1983,379,1926,0,0,0,62,0,62,4668,0,16092,16092,572,222,0,222,296,0,0,0,0,0,0,0,0,22,826,513,0,41,512,0,512,0,22,2225,88,1118,4412,19471,23940,3781,31465,21362,2140,6651,9988,9886,7716,1321,1028,0,359,10604,2771,3512,439,415,1364,933,225,12114,18633,60,7782,7772,4877,7605,9842,3009,363,3635,12196,628,36,126,72,581,2022,370,370,13460,5886,2016,627,0,22,362,529,9504,635,407,4638,558,5986,2055,3361,3319,198,0,268,0,266,21451,242,122,3608,8716,176,2038,869,1011,79,0,0,0,0,2851,0,4756,6458,4037,139,3390,3236,45,363,404,23,0,0,0,0,85,348,7286,11890,962,1192,648,23,0,0,2661,162,640,1407,7293,46,48,46,4455,13290,2005,3248,0,0,0,0,985,3558,5703,10898,1385,1385,0,0,0,0,2267,10789,23898,11568,20000,20000,20000,20000,1866,1120,0,5167,0,0,0,0,23,0,0,47,0,0,23,23,0,0,0,0,41321,11875,8003,4328,0,0,4782,659,44,22,0,22,88870,13464,16265,9361,2486,4143,2241,282,41,0,21,17058,0,0,100967,59154,13373,13406,20422,26946,26946,11684,21275
dirty,20000,2956,2026,1332,1989,431,2231,0,0,0,21,0,21,4768,0,18297,18297,521,130,0,130,391,0,0,0,0,0,0,0,0,22,830,546,0,61,430,0,430,0,21,2288,42,785,3316,14380,25172,3700,30384,20408,2116,6824,10321,14590,7939,1307,999,61,477,8639,2149,2970,313,322,1441,898,203,14185,19536,96,8978,7138,4709,4709,8985,3340,356,4330,13320,618,16,174,111,618,2034,396,396,14041,5736,2346,704,16,32,592,488,9097,635,318,4281,542,6561,2107,3762,4555,393,0,393,0,282,22947,282,111,3527,9059,221,2143,927,988,46,0,0,0,0,2832,0,4993,6686,3501,117,3786,3199,138,344,104,46,0,0,0,20,168,234,7242,9518,1441,2839,1152,136,0,23,2747,262,455,1883,6993,0,45,23,4064,5756,1816,4299,19,0,0,19,858,2201,6366,7984,1806,1806,0,0,0,0,2136,11146,22997,10939,20000,20000,20000,20000,1878,1258,0,4941,0,0,0,0,0,26,0,0,0,0,0,24,0,0,0,0,41195,11060,7260,4307,0,0,5166,621,0,0,0,0,74523,12747,15863,9296,2741,4651,2370,371,0,0,66,17121,0,0,107480,65602,13090,14734,20381,26822,26822,11981,21308
dirty,20000,2954,2041,1302,1944,387,1818,0,0,0,21,0,21,5005,0,18605,18605,678,159,0,159,398,0,0,0,0,0,0,0,0,20,709,512,0,22,366,0,366,0,69,2085,115,755,3801,16514,24697,3517,30824,20669,2229,6991,10737,10205,8339,1341,965,49,491,8114,1925,2988,302,385,1491,955,251,13765,19029,123,8627,8092,5126,7489,10322,3432,494,4200,13974,564,32,145,161,619,2315,437,437,13039,5855,1989,559,16,0,402,1087,9891,748,405,4393,444,6337,1926,2996,3598,313,0,404,0,313,24083,164,116,3483,8931,231,1985,769,723,62,0,0,0,0,2602,0,4703,6605,3585,93,3044,3305,163,232,369,0,0,0,0,43,176,746,6907,7597,1398,6096,1066,0,0,0,2421,263,952,1488,7189,23,36,68,4221,9898,1972,1904,0,0,0,19,1030,3926,5957,11233,1816,1816,0,0,0,0,2244,10810,23384,11131,20000,20000,20000,20000,1949,1123,0,4831,0,0,0,0,0,26,0,0,0,0,24,0,0,0,0,0,39064,10794,7038,3987,0,0,5080,713,0,0,0,0,77107,13130,16227,9239,2818,4502,2543,326,56,0,93,16667,0,0,111816,68155,12240,13836,20264,24471,24471,12075,18815
dirty,20000,2705,1986,1130,1986,425,2002,0,0,0,0,0,0,5017,0,18758,18758,601,147,0,147,483,0,0,0,0,0,0,0,0,23,795,468,0,21,501,0,501,0,43,2156,128,942,4283,18877,23572,3476,30652,20646,2061,7244,10643,15955,8324,1130,989,28,424,7327,1827,2442,327,457,1519,1006,238,14115,19100,124,8820,8212,5298,4844,10331,2957,355,3745,12694,528,48,80,112,619,2135,447,447,13146,5483,1869,623,16,0,580,685,8686,721,369,4103,408,6468,2276,3548,3823,262,0,319,0,333,22948,317,142,3466,8722,227,2161,780,975,45,0,0,0,0,2970,0,5070,6796,4170,132,4245,3094,113,340,495,45,18,0,0,37,283,720,7208,11667,1415,1315,1132,0,0,0,2511,155,574,1635,4154,44,93,22,4934,12539,2048,4346,0,0,0,0,915,1028,5899,10144,1744,1744,0,0,0,0,2412,11877,23917,11423,20000,20000,20000,20000,1809,1496,0,5332,0,0,0,0,0,0,0,0,0,0,0,21,0,0,0,0,40487,11571,7771,4458,0,0,5376,869,0,0,0,0,73942,13283,15922,9103,2415,4069,2399,281,41,0,82,17114,0,0,95509,70313,12631,13708,20187,27001,27001,11759,20219
dirty,20000,2615,2063,1418,2118,440,2239,0,0,0,0,0,0,4930,0,19309,19309,569,87,0,87,283,0,0,0,0,0,0,0,0,38,927,530,0,22,437,0,437,0,0,2333,97,988,4124,17945,24278,3735,30809,21160,2141,6720,10139,16055,7645,1078,875,38,317,8396,1881,3024,369,286,1394,733,161,13914,13077,127,8859,7410,4805,6686,9674,3342,358,4045,13714,450,17,150,100,426,1227,460,460,13531,5793,1742,662,0,73,320,469,9072,685,289,4871,510,6543,2104,3233,4802,453,0,402,0,405,24790,240,148,3227,9060,207,2197,941,892,116,0,0,0,0,2622,0,4785,6563,4859,88,4488,2491,112,359,579,22,0,0,0,44,220,212,6780,12217,1480,1376,1295,22,0,0,2960,215,972,1631,2836,21,48,64,5476,9387,2437,2483,0,0,0,19,1064,1993,5983,8427,1670,1670,0,0,0,0,2599,11319,24812,11761,20000,20000,20000,20000,1802,1396,0,5676,0,0,0,0,0,0,0,0,0,0,0,0,0,0,0,0,40376,11445,7462,4418,23,0,4942,855,0,0,0,62,82010,13152,15963,10187,2958,4536,2498,296,21,0,86,17131,0,0,91930,68663,13441,14446,21141,25123,25123,11847,19217
dirty,20000,2814,2048,1175,2084,285,2259,0,0,0,79,0,79,4901,0,18631,18631,567,67,0,67,378,0,0,0,0,0,0,0,0,0,780,514,0,0,416,0,416,0,0,5370,278,907,4168,18417,24058,3715,30320,20677,2091,6991,10540,13720,8164,1207,971,55,485,8341,1959,2765,392,354,1346,1081,230,14165,18748,81,9092,7220,4589,7617,9095,3568,456,4219,13873,549,32,81,113,632,2366,397,397,12752,5584,2000,644,0,0,455,524,10441,746,441,4551,527,6661,2226,3483,3513,329,0,283,0,237,22744,284,231,3403,8782,187,1981,686,889,94,0,0,0,0,2840,0,4741,6605,3948,105,3965,3127,142,378,139,71,0,19,0,19,161,244,5391,7069,1518,1513,1019,41,0,0,2983,146,523,1653,6993,0,47,69,4730,12654,2140,6643,0,0,0,0,1072,1075,5063,7473,1297,1297,0,0,0,0,2146,10620,24625,10953,20000,20000,20000,20000,1591,1117,0,4792,0,0,0,0,0,0,25,25,0,0,23,0,0,0,0,0,37414,10292,6916,4105,0,0,5166,735,24,24,0,0,93134,13102,16414,9305,2719,4602,2427,318,21,0,21,17230,0,0,95439,82961,13465,14749,21202,27320,27320,12194,21345
dirty,20000,2496,1685,1186,1810,311,2279,0,0,0,59,0,59,4852,0,18513,18513,477,189,0,189,357,0,0,0,0,0,0,0,0,19,770,520,0,0,388,0,388,0,0,2251,113,1007,4259,18835,23227,3568,30276,20638,2072,7218,11174,14739,8574,1169,899,26,411,8830,2160,3011,408,314,1289,843,215,14155,18973,128,9047,7396,4842,6464,9701,3621,402,4454,14899,459,35,159,88,577,2000,511,511,12357,5360,1978,659,0,65,490,362,9204,492,361,4102,669,6741,2056,3187,4188,318,13,331,0,362,24536,246,168,3277,8838,168,2030,850,944,94,0,0,0,0,2701,0,4543,6413,4024,178,3831,3356,177,221,321,0,0,0,0,0,101,344,5498,6871,1722,1482,1108,70,0,0,2657,186,190,1841,6500,43,24,108,4038,12410,1904,4296,0,0,0,0,1413,2049,5000,6597,1468,1468,0,0,0,0,2259,11333,24759,11426,20000,20000,20000,20000,1915,1499,0,5467,0,0,0,0,0,24,0,0,0,0,0,0,0,0,0,0,40384,11147,7636,4228,0,0,5247,830,0,25,0,0,57222,11959,15237,8628,2269,4014,2185,373,0,0,113,16697,0,0,93424,74871,13279,14448,20958,26214,26214,12120,20217
dirty,20000,2471,2179,1381,2082,295,2246,0,0,0,22,0,22,4581,0,19252,19252,591,111,0,111,445,0,0,0,0,0,0,0,0,20,837,618,0,23,547,0,547,0,21,3676,168,1052,4504,19126,25549,3812,29562,20012,2171,7011,10266,16063,8326,1309,941,29,353,10061,2372,3215,465,390,1673,1022,316,13809,20002,73,8507,7283,4650,4295,9100,3433,475,4131,14096,583,77,153,138,574,578,389,389,12899,5886,1810,595,0,51,570,535,9208,561,231,4191,543,6469,2139,3362,5313,287,0,328,0,299,24085,185,124,3478,8230,173,1959,925,1113,78,0,0,0,0,3031,0,5540,7342,3667,95,3429,3175,259,280,196,43,0,0,0,0,216,436,6367,6869,1490,2748,1162,22,22,0,3089,235,438,1604,3832,0,53,49,4510,8848,2107,2685,0,0,0,0,878,2080,6256,11091,1637,1637,0,0,0,0,2481,10921,25094,12030,20000,20000,20000,20000,1583,1243,0,4647,0,0,0,0,0,0,0,0,0,0,0,24,0,0,0,0,38312,11486,7886,4690,0,0,5345,747,0,24,0,0,98954,13708,15959,10586,2828,4723,2464,321,22,0,66,16721,0,0,102518,78803,13176,15098,21091,26455,26455,11786,20381
dirty,20000,2393,2031,1306,2067,225,2561,0,0,0,19,0,19,4675,0,19594,19594,619,160,0,160,550,0,0,0,0,0,0,0,0,34,957,462,0,62,619,0,619,0,65,4303,151,924,4231,18541,19060,3489,28639,20420,1790,7757,11869,14202,9128,1112,1027,28,422,10406,2448,3441,392,328,1293,984,164,13484,18609,47,8880,7387,4919,7537,9481,3239,351,4278,13846,444,30,148,118,671,2090,512,512,12706,5333,1793,462,0,0,481,531,8942,695,190,4344,629,6914,2240,3400,3498,260,0,396,0,162,22744,260,125,3132,8351,251,2303,966,921,74,0,0,0,0,2759,0,4846,6891,4293,102,3697,3390,157,225,282,45,0,0,0,40,99,452,6089,12632,1777,3592,1091,0,0,0,2818,188,997,1837,7208,0,34,0,4891,6807,2217,4688,0,0,0,45,1103,1384,5511,6309,1326,1326,0,0,0,0,2287,11134,24726,11682,20000,20000,20000,20000,1683,1316,0,5156,0,0,0,0,0,24,0,0,0,0,47,0,0,0,0,0,40657,11332,7664,4464,0,0,5038,760,0,0,0,0,79752,12496,16380,9190,2287,4186,2190,291,19,0,38,16042,0,0,83217,81024,12655,14457,20591,26250,26250,12393,20089
dirty,20000,2732,2252,1022,1835,248,2011,0,0,0,21,0,21,4643,0,19386,19386,634,210,0,210,379,0,0,0,0,0,0,0,0,0,908,475,0,42,506,0,506,0,0,2276,125,986,4586,19171,23412,3701,27241,18759,1908,7460,11512,15746,8634,1228,869,28,428,8996,2122,3100,330,317,1348,904,159,11888,14155,65,7577,7291,4489,4495,9241,3416,456,4384,13879,443,66,66,66,386,1476,351,351,12873,5667,1778,584,16,6,529,411,8636,578,273,4205,544,6848,1984,3687,3684,377,0,304,0,265,24749,295,140,3226,8254,265,2212,878,878,31,16,0,0,16,2536,0,4510,6348,3991,79,3470,3328,140,164,239,47,19,19,0,19,202,208,6398,10088,1486,5150,968,0,0,0,2951,80,586,1515,7056,24,111,0,4726,7417,1993,4257,19,0,0,19,832,940,5534,8776,1502,1502,0,0,0,0,2921,10449,27303,12022,20000,20000,20000,20000,1843,1196,0,4941,0,0,0,0,0,25,0,0,0,0,46,69,0,0,0,0,38831,11837,8015,5009,0,0,4778,768,0,0,0,77,66731,12585,16459,8484,2224,3980,2224,273,0,0,79,17157,0,0,124311,71422,12771,14529,21134,24467,24467,11537,18942
dirty,20000,2966,2220,1138,1884,336,2004,0,0,0,93,0,93,4848,0,20064,20064,578,44,0,44,481,0,0,0,0,0,0,0,0,0,737,461,0,20,376,0,376,0,45,2227,180,1056,4353,19060,16514,3670,31658,21426,2159,6948,10501,11185,8388,1254,994,14,447,9897,2391,3316,373,296,1463,944,259,11852,18937,94,7502,6983,4377,7620,9107,3566,346,4326,14015,543,56,75,112,532,660,496,496,13134,5588,1934,609,32,23,417,495,10521,704,337,4319,656,6809,2264,3544,3359,254,0,382,0,283,23155,220,58,3495,8924,289,2226,887,636,67,0,0,0,0,3035,0,6699,8182,3737,177,4066,2828,179,179,363,22,0,0,0,68,189,214,6460,11910,1424,3451,987,67,0,0,2604,118,1814,1417,3040,21,87,21,4904,9385,2429,5817,0,0,0,0,965,1477,6123,10305,1899,1899,0,0,0,0,2326,10879,23791,11520,20000,20000,20000,20000,1686,1213,0,5262,0,0,0,0,0,25,25,0,0,0,0,0,0,0,0,0,41074,11778,7870,4401,0,0,5501,676,0,0,0,0,82429,12446,15429,9375,2570,4064,2092,239,0,0,20,16892,0,0,105896,80236,13193,13712,20551,26086,26086,12208,20359
dirty,20000,2300,1866,1301,2074,340,2270,0,0,0,42,0,42,4899,0,16103,16103,577,181,0,181,317,0,0,0,0,0,0,0,0,0,880,512,0,0,503,0,503,0,60,2198,81,868,3821,16788,23440,3921,30588,20940,2165,7141,10532,14940,8461,1137,983,15,476,9671,2364,3236,379,439,1622,1260,229,13620,19557,107,8696,7011,4313,7842,8708,2836,458,3635,11813,693,52,156,208,582,380,509,509,15178,5898,2502,752,0,33,527,600,8944,751,391,4457,690,6320,2361,4031,3364,282,0,356,0,316,23960,215,105,3522,8804,237,1891,670,774,60,0,0,0,0,2940,0,5240,7031,4612,203,3843,4656,259,329,378,24,17,17,0,17,233,233,6899,12093,1478,3059,1001,43,0,0,2833,85,359,1037,1613,68,46,136,4459,7836,2012,4263,0,0,0,0,1247,1990,6477,10777,1641,1641,0,0,0,0,2540,10806,24891,12038,20000,20000,20000,20000,1832,1234,0,5072,0,0,0,0,24,0,0,0,0,0,0,24,0,0,0,0,42201,12105,7974,4753,0,0,5224,740,0,0,0,0,85740,14763,16183,9438,2415,4514,2222,280,20,0,81,17640,0,0,102351,77985,13120,14365,20753,24853,24853,12003,19516
dirty,20000,2580,2090,1318,2222,370,2213,0,0,0,42,0,42,5064,0,17770,17770,682,105,0,105,295,0,0,0,0,0,0,0,0,0,1025,397,0,0,424,0,424,0,20,2112,81,987,4557,20058,23771,3656,29513,20024,1996,7334,11169,15781,8663,1372,915,35,399,8976,2267,2964,343,433,1498,957,235,13446,19795,92,8652,7401,4659,8044,9588,3505,401,4249,14278,522,17,135,101,566,2191,442,442,12659,5168,1676,601,50,6,486,426,9582,647,316,4515,365,6860,2076,3372,3542,280,0,362,0,258,25118,258,75,3229,9028,269,2181,905,1083,59,0,0,0,0,2867,0,4855,6531,4333,57,3803,3236,113,158,197,45,0,0,0,65,214,94,6387,6846,1648,3320,1281,0,0,21,2759,206,362,1764,1692,21,64,106,4941,10333,2376,2730,16,0,0,33,904,1049,6225,8695,1604,1604,0,0,0,0,2102,11558,23117,11060,20000,20000,20000,20000,1751,1114,0,4915,0,0,0,0,0,25,0,25,0,0,49,0,0,0,0,0,40017,11315,7600,4411,0,0,5223,781,0,25,0,50,91696,13748,16607,9289,2380,4232,2136,346,38,0,38,16788,0,0,90672,73004,13084,13349,20405,26812,26812,11860,21135
dirty,20000,2646,2198,1518,2432,298,2155,0,0,0,42,0,42,4963,0,19562,19562,597,89,0,89,313,0,0,0,0,0,0,0,0,0,907,508,0,43,341,0,341,0,39,2318,98,979,4815,19881,25066,3530,29277,19783,2096,7581,11185,14963,8442,1327,925,60,418,9036,2132,3177,334,324,1265,1038,195,13368,19038,118,8645,7250,4890,4515,9610,3419,328,4387,14245,646,74,148,129,493,1229,361,361,13669,6126,1966,526,0,17,471,496,9009,508,311,4406,485,7060,2246,3716,3489,258,0,452,0,194,23800,299,132,3461,8829,171,2119,785,848,78,0,0,0,0,2818,0,5718,7569,3471,86,3247,3436,137,114,216,46,0,0,0,19,202,344,6428,12874,1828,1759,1385,17,0,0,2403,152,362,1692,2734,0,21,0,5106,7465,2274,4440,0,0,0,0,1120,1275,6439,6548,1887,1887,0,0,0,0,2550,11294,24363,11860,20000,20000,20000,20000,1551,1306,0,5122,0,0,0,0,0,73,0,0,0,0,75,0,0,0,0,0,41398,11947,8088,4673,0,0,5164,818,0,0,0,0,72369,12230,16603,9233,2259,4496,2215,354,41,0,21,17397,0,0,111695,67568,12762,14505,20815,28733,28733,12690,22203
dirty,20000,2578,1900,1373,2201,280,2215,0,0,0,22,0,22,4955,0,19317,19317,641,158,0,158,428,0,0,0,0,0,0,0,0,18,997,534,0,0,499,0,499,0,20,2070,102,922,4406,19525,9716,3662,31357,21511,2215,7192,11551,14585,8617,1295,878,43,417,9344,2248,3256,377,351,1571,961,203,14557,19043,108,9190,7365,4607,7739,8829,3655,479,4409,14909,496,32,160,48,690,2068,472,472,14247,6173,2148,593,0,29,548,455,9017,676,323,4209,504,6753,2327,3499,3630,286,0,437,0,180,24024,285,166,3553,9176,287,2074,918,823,48,0,0,0,0,3095,0,6177,8326,4183,210,4468,3283,166,404,62,71,0,0,0,0,235,233,7098,11731,1573,1409,1063,22,0,44,2829,198,982,1607,3423,68,76,68,4550,5622,2059,6023,0,0,0,0,995,1057,5647,11352,1608,1608,0,0,0,0,2198,11242,23771,11492,20000,20000,20000,20000,1956,1131,0,5484,0,0,0,0,24,73,0,0,0,0,0,49,0,0,0,0,44503,12321,8063,4188,0,0,5298,861,0,0,0,22,110073,13888,16362,10186,2562,4198,2325,344,0,0,40,17352,0,0,105287,88690,13399,14858,21076,26459,26459,11993,20801
dirty,20000,3133,2025,965,1392,322,2004,0,0,0,0,0,0,4716,0,18598,18598,737,121,0,121,402,0,0,0,0,0,0,0,0,0,893,551,0,55,387,0,387,0,0,3648,85,1173,4545,19941,23292,3865,30622,20997,2080,7027,10586,15635,7954,1168,1054,57,427,10012,2521,3189,328,330,1322,852,191,13961,18633,131,8928,7144,4560,7459,9070,3387,484,3978,13656,537,16,98,98,567,1291,415,415,14961,6234,2273,701,17,49,529,400,9328,656,214,4595,537,6759,2201,3414,3836,230,0,393,0,278,25408,225,108,3159,8387,202,2018,889,843,60,0,0,0,0,2510,0,4722,6287,3456,63,3909,3393,185,300,220,69,0,0,0,74,178,359,7100,7186,1542,3092,1188,0,0,0,2630,102,788,1446,7705,22,33,88,4827,7792,2217,2795,0,0,0,18,1386,989,4843,6062,1189,1189,0,0,0,0,2542,10891,24378,11744,20000,20000,20000,20000,1957,1331,0,5108,0,0,0,0,27,27,0,0,0,0,48,24,0,0,0,0,41807,11503,7686,4426,0,0,5254,1017,24,0,0,0,77765,12827,16497,8607,2559,4602,2667,387,38,0,75,17199,0,0,119391,70221,13323,14263,20558,27241,27241,12337,20587
dirty,20000,2860,1889,1130,1748,388,2290,0,0,0,41,0,41,4502,0,20211,20211,718,84,0,84,400,0,0,0,0,0,0,0,0,0,849,424,0,0,411,0,411,0,0,2149,45,880,4292,18578,24150,3664,32183,21892,2209,7171,10985,16175,8243,1355,1165,81,434,9723,2345,3029,448,386,1489,938,202,13547,19212,104,8793,7227,4745,7693,8929,3648,415,4392,14549,570,37,129,202,516,2723,516,516,12679,5758,1727,505,16,7,444,576,9137,687,304,4569,502,6946,2310,3331,3454,371,0,371,0,337,22458,273,201,3468,8863,245,1740,780,990,90,0,0,0,0,2663,0,4856,6545,4532,183,4477,2881,82,205,263,41,0,0,0,0,146,219,6825,6860,1304,4707,901,21,0,0,2580,132,537,1230,7121,23,35,92,4901,5689,2242,3800,18,0,0,37,1112,1989,5073,10870,1309,1309,0,0,0,0,2143,10540,22892,11429,20000,20000,20000,20000,1830,1281,0,4992,0,0,0,0,0,0,0,0,0,0,0,0,0,0,0,0,40219,11825,8285,5055,0,0,5110,743,0,0,0,24,94875,14053,16241,9633,2453,4514,2355,412,20,0,60,16714,0,0,99969,81023,12947,14456,20778,27179,27179,11715,21218
dirty,20000,2609,2217,1652,2630,451,2105,0,0,0,60,0,60,4950,0,19015,19015,729,62,0,62,370,0,0,0,0,0,0,0,0,0,888,756,0,84,525,0,525,0,0,3651,99,958,4682,20479,23775,4166,31271,21066,2319,7191,11001,16569,8302,1362,890,42,528,9090,2344,2972,308,399,1388,937,121,13388,19638,45,8701,7298,4522,6662,9127,3273,402,4279,13924,544,51,170,85,471,1600,528,528,12603,5300,1957,699,17,47,402,570,9205,731,159,4452,449,6672,2146,3178,4037,339,0,385,0,344,24069,258,171,3678,8967,242,2101,843,917,59,0,0,0,0,2638,0,4418,6082,4076,168,4048,3249,154,220,579,22,20,20,0,39,278,426,7520,6492,1527,1412,1193,46,0,0,2792,145,705,1613,7498,46,79,23,4635,13045,2189,5714,37,0,0,0,733,2780,6143,9974,1405,1405,0,0,0,0,2362,10893,23859,11506,20000,20000,20000,20000,1826,1270,0,5061,0,0,0,0,0,22,22,22,0,0,24,47,0,0,0,0,41503,11358,7412,4150,23,0,4960,800,0,0,0,0,81531,12840,16888,9048,2179,3696,2062,292,37,0,37,17514,0,0,89174,79949,11891,14206,19975,26264,26264,12085,20408
dirty,20000,2577,1923,1423,2308,270,2038,0,0,0,39,0,39,4627,0,19093,19093,533,193,0,193,368,0,0,0,0,0,0,0,0,0,996,586,0,21,471,0,471,0,22,2026,108,865,4032,18563,25699,3688,29117,19903,2116,7042,10970,16171,8216,1304,1060,57,501,9838,2450,3370,428,372,1414,874,260,13937,17864,103,9110,6838,4149,8440,8267,3531,438,4492,14576,580,31,157,173,594,1446,524,524,12972,5804,1837,612,0,55,417,486,9180,627,386,4437,387,7086,2211,3390,3810,307,32,387,0,409,47877,295,88,3997,9993,147,1976,881,836,91,0,0,0,0,2472,0,5209,6732,3185,116,3416,3201,148,276,329,42,0,20,0,0,204,998,6827,6625,1423,4195,941,20,0,0,2528,168,474,1488,3320,23,0,94,4875,8651,2275,2013,0,0,0,18,999,1538,5048,8775,1457,1457,0,0,0,0,2594,10996,25263,12011,20000,20000,20000,20000,1953,1377,0,5139,0,0,0,0,46,0,0,0,0,0,0,0,0,0,0,0,41120,11707,8184,4824,0,0,5092,755,0,0,0,0,65088,12359,16138,9051,2813,4567,2345,367,0,0,46,17434,0,0,109161,80880,13043,14342,20872,26419,26419,11848,20177
dirty,20000,2694,1901,1140,1917,397,2238,0,0,0,42,0,42,5141,0,18531,18531,553,156,0,156,332,0,0,0,0,0,0,0,0,20,900,548,0,21,384,0,384,0,20,2146,118,817,4444,18327,23284,3712,28584,19524,1978,7401,11563,16011,8567,1187,974,46,426,9973,2125,3267,425,402,1444,932,219,13051,18288,123,8386,7021,4496,5497,8791,3529,471,4627,14431,473,33,114,147,588,2054,490,490,13394,5755,2158,562,0,23,530,724,9296,735,383,4319,592,6935,2251,3320,3670,269,0,471,0,274,23470,216,170,3482,8931,212,2148,757,989,124,0,0,0,0,2446,0,4339,5765,4290,125,3697,3354,117,258,502,47,21,0,0,0,196,222,7435,11817,1609,1366,1050,18,0,0,2876,101,970,1024,4437,48,52,97,4740,5114,2280,3764,0,0,0,0,989,2122,5979,5048,1558,1558,0,0,0,0,2461,11129,24132,12268,20000,20000,20000,20000,1752,1429,0,5238,0,0,0,0,0,0,0,24,0,0,46,46,0,0,0,0,40486,12086,8326,5407,24,0,5289,850,0,22,0,0,106126,14246,17002,9481,2402,4238,2324,332,0,0,60,17226,0,0,106205,80540,12884,14751,20933,25357,25357,11378,20119
dirty,20000,2459,1964,1025,1708,254,2226,0,0,0,40,0,40,4930,0,20120,20120,602,91,0,91,384,0,0,0,0,0,0,0,0,19,757,601,0,40,385,0,385,0,22,2181,87,870,4305,18446,24153,3855,31188,21298,2193,7290,11076,16292,8327,1274,947,47,409,9587,2154,3032,388,336,1495,991,206,13823,13877,87,8910,7188,4572,7407,8997,3144,273,3736,13326,453,105,52,157,543,2190,456,456,12925,5782,1995,539,0,38,458,417,9155,568,353,4516,477,6610,2398,3566,3754,300,0,410,0,233,24257,262,152,3377,8723,303,2350,772,1052,49,0,0,0,0,2407,0,4839,6515,4037,62,3681,3279,195,234,341,39,0,0,0,0,232,224,7201,11842,1376,2470,1004,20,0,0,2349,115,591,1262,2524,67,44,67,4503,12543,2011,2725,21,0,0,0,670,2014,5951,9477,1636,1636,0,0,0,0,2240,11253,23716,11787,20000,20000,20000,20000,1980,1344,0,5395,0,0,0,0,26,0,0,0,0,0,0,0,0,0,0,0,41860,11646,7853,4580,0,0,5424,949,0,0,0,0,84794,13457,16486,10704,2195,3706,2174,331,46,0,0,17854,0,0,95850,73541,12364,15010,20065,27127,27127,12327,20709
dirty,20000,2441,2044,1343,2138,303,1940,0,0,0,90,0,90,4614,0,20332,20332,449,84,0,84,442,0,0,0,0,0,0,0,0,0,925,549,0,42,441,0,441,0,21,2182,106,979,4484,18902,19344,3579,30413,20601,2078,7160,11106,15662,8019,1218,737,71,482,9267,2144,3114,334,384,1536,902,117,13839,19743,111,8736,7125,4740,7054,9404,3473,460,4254,14338,492,32,79,143,494,2168,460,460,12406,5519,1752,588,0,23,524,501,8989,587,326,4519,532,6667,2065,3313,3447,250,0,366,0,264,22333,249,193,3779,9379,248,2701,840,1320,75,0,0,0,0,2505,0,4847,6368,3843,106,3602,3316,128,219,212,18,19,19,0,0,187,214,6860,11343,1419,3320,953,20,0,0,3051,109,1014,1293,3037,66,98,44,4375,7105,2188,3849,0,0,0,0,1041,885,6062,9538,1681,1681,0,0,0,0,2362,10665,25117,11790,20000,20000,20000,20000,1855,1223,0,5015,0,0,0,0,0,23,0,23,0,0,0,46,0,0,0,0,38694,11501,7803,4546,0,0,5089,713,0,23,0,0,63669,12083,15653,8727,2651,4004,2450,311,0,0,61,16447,0,0,108129,59493,12468,14779,20375,26589,26589,11357,20036
dirty,20000,2732,2178,1471,2330,341,2222,0,0,0,0,0,0,4722,0,16319,16319,526,164,0,164,491,0,0,0,0,0,0,0,0,20,969,505,0,41,346,0,346,0,0,2051,211,1038,4708,20146,23595,3910,28553,19151,1942,6508,10195,16036,7751,1186,946,16,401,9206,2293,3057,406,398,1374,940,199,14150,19716,121,9070,7253,4515,4825,9311,3143,388,3755,12694,597,46,299,161,522,2109,338,338,13080,5702,1965,595,17,8,600,703,9669,729,254,4224,476,5829,1902,3305,3538,196,0,287,0,316,21789,256,139,3348,9107,191,2353,1053,1037,31,0,0,0,0,2777,0,4750,6449,4615,142,3333,3006,94,235,281,71,0,18,18,0,190,396,6737,11539,1131,2954,992,25,0,0,3000,104,1419,1454,2337,98,39,65,4660,7906,2019,3740,0,0,0,19,1141,1800,6123,14702,1762,1762,0,0,0,0,2455,10984,24086,11715,20000,20000,20000,20000,1981,1370,0,5016,0,0,0,0,27,0,0,54,0,0,22,45,0,0,0,0,42180,11604,7644,4313,23,0,4941,890,0,0,0,22,110926,14562,16313,9227,2541,4160,2437,296,20,0,60,17002,0,0,110205,81402,13438,14345,21006,25509,25509,11798,19947
dirty,20000,2751,2208,1376,2063,324,2020,0,0,0,0,0,0,4340,0,21516,21516,724,97,0,97,272,0,0,0,0,0,0,0,0,0,991,480,0,0,384,0,384,0,21,1964,64,973,4471,19210,25531,3824,30366,21105,1999,6657,10117,14466,7679,1080,872,49,417,10238,2619,3360,516,444,1368,795,185,13754,13621,75,8514,7251,4578,5706,9056,3494,377,4319,14144,513,19,133,133,660,1831,464,464,13245,5797,1953,643,0,14,426,494,9037,642,329,4182,630,7009,2254,3513,4053,213,0,377,0,239,24705,284,126,3399,9047,270,2290,957,878,78,0,0,0,0,2612,0,4409,6099,4223,147,3490,3534,168,168,300,42,0,19,0,0,107,223,6024,8026,1580,2863,1069,22,0,0,2713,108,383,1314,7121,25,48,49,4563,11317,2146,3209,18,0,0,18,940,2095,6421,12078,1761,1761,0,0,0,0,2164,10818,23377,11909,20000,20000,20000,20000,1949,1014,0,4854,0,0,0,0,0,0,0,0,0,0,0,45,0,0,0,0,42412,11463,7870,4277,0,0,5253,773,23,23,0,0,100686,13186,16928,9346,2438,4196,2238,320,20,0,61,16463,0,0,123985,83705,11669,14903,20259,29438,29438,11798,23296
dirty,20000,2718,2012,1183,2012,277,2018,0,0,0,60,0,60,5005,0,15824,15824,490,150,0,150,316,0,0,0,0,0,0,0,0,22,784,538,0,39,434,0,434,0,0,2311,63,938,4409,18331,23777,3847,31765,21560,2141,6656,10205,16438,7507,1236,965,34,508,10755,2617,3451,374,408,1455,994,106,13834,18258,111,8648,7241,4885,7417,9249,2938,402,4024,12958,563,0,161,121,471,1261,471,471,13178,6031,1907,664,48,22,549,320,8634,631,323,4398,670,6528,2568,3960,3106,347,0,371,0,326,22418,312,116,3309,8636,276,2459,806,1074,99,0,0,0,0,2804,0,4706,6591,3796,121,3348,3658,110,285,303,22,18,0,0,18,162,433,6860,10088,1024,2667,701,66,0,0,2800,133,522,1154,3695,23,70,115,4122,12919,1975,4349,0,0,0,20,984,1028,6200,15061,1485,1485,0,0,0,0,2222,11476,22292,11788,20000,20000,20000,20000,1739,1213,0,5103,0,0,0,0,0,23,0,23,0,0,0,22,0,0,0,0,42075,11198,7368,4318,0,24,5522,840,24,0,0,24,92090,13820,16496,9203,2287,4116,2023,317,0,0,83,17729,0,0,93673,74078,13573,14017,20564,27413,27413,12394,21564
dirty,20000,2378,2028,1198,1917,259,2327,0,0,0,19,0,19,6978,0,15988,15988,556,91,0,91,364,0,0,0,0,0,0,0,0,0,1022,490,0,43,432,0,432,0,0,2201,117,859,3933,16591,23403,3982,31147,21211,2255,6646,10278,16033,7918,1272,950,48,451,10264,2366,3435,365,418,1453,872,127,13555,17980,32,9010,7234,4647,3546,8987,3010,418,3760,12319,618,22,177,155,545,916,414,414,12979,5456,2006,550,17,15,487,487,10837,797,398,4287,627,6296,2080,3162,3613,355,0,282,0,309,22996,324,139,3115,8975,308,2014,863,1022,86,0,0,0,0,2642,0,4510,6606,3413,141,3660,3714,266,288,311,22,0,0,0,19,168,201,6688,10938,1257,3622,1108,21,0,21,2460,235,102,1699,7433,54,152,18,4511,8756,2002,3520,0,0,0,0,1200,1437,6652,9571,1663,1663,0,0,0,0,2234,11117,23712,11441,20000,20000,20000,20000,1758,990,0,4707,0,0,0,0,0,21,0,0,0,0,47,23,0,0,0,0,40129,11199,7868,4183,0,0,4859,822,0,24,0,0,63065,13262,15376,8387,2752,4376,2376,171,43,0,129,17392,0,0,89095,78750,12886,13722,20442,26194,26194,11154,20327
dirty,20000,2847,2112,1451,2020,335,2060,0,0,0,60,0,60,4829,0,19065,19065,407,69,0,69,381,0,0,0,0,0,0,0,0,0,924,523,0,64,404,0,404,0,0,2188,45,982,4376,18612,23440,3893,30070,20634,2156,6806,10399,14809,8032,1314,915,50,366,8952,2085,2956,412,323,1239,849,187,13399,13828,91,8429,7149,4817,7124,9277,3094,379,3643,12435,614,56,130,130,435,2375,348,348,12817,5608,1690,691,15,55,630,513,8742,721,302,4211,488,5488,2032,3008,3301,280,0,420,0,202,23411,280,138,3308,8954,277,1861,949,849,100,0,0,0,0,2943,0,5927,8145,4262,123,3508,3262,170,234,180,0,0,0,0,19,230,190,6974,10621,1057,3162,677,43,0,0,2593,229,849,1486,3037,0,33,24,4489,12819,2132,6414,0,0,0,18,1003,3709,6164,11494,1774,1774,0,0,0,0,2138,10872,23738,11572,20000,20000,20000,20000,1790,1241,0,4985,0,0,0,0,22,0,0,0,0,0,24,0,0,0,0,0,40999,11357,7401,4123,0,0,5338,759,0,0,0,24,108953,14114,16570,11146,2479,3653,1818,281,0,0,61,16973,0,0,112092,66593,12890,14236,20781,26111,26111,12348,20538
dirty,20000,2354,1708,1371,2432,385,1528,0,0,0,0,0,0,4162,0,21081,21081,608,323,0,323,538,0,0,0,0,0,0,0,0,16,693,457,0,0,306,0,306,0,0,1605,123,941,5088,20559,24298,4084,37574,26064,2624,7147,9945,16052,7950,1004,1032,28,391,10601,2585,3786,418,338,1343,723,197,13269,18428,137,8681,6477,4074,8062,7805,3611,417,4833,16000,488,0,98,33,380,2016,411,411,12303,5986,1683,386,0,40,465,660,7273,358,138,3609,233,5394,1662,3003,3127,309,0,232,0,212,18968,273,190,3254,8290,166,1788,754,838,28,0,0,0,0,2064,0,4006,5888,2333,278,3222,2278,311,259,0,0,0,0,0,0,155,201,8505,7197,2034,3159,1259,32,0,0,2109,190,1364,1232,7522,55,110,55,5990,8766,2705,2614,0,0,0,0,4182,4308,7745,9834,2468,2468,0,0,0,0,3603,9838,30405,13077,20000,20000,20000,20000,2290,1682,0,3598,0,0,0,0,0,0,0,49,0,0,0,0,0,0,0,0,35534,13281,9565,5850,0,0,4838,571,0,0,0,0,17778,8163,14467,12381,2055,4261,2256,150,0,0,53,15585,0,0,38278,37182,17477,15946,24144,32544,32544,15132,24474
dirty,20000,1809,2052,1878,2574,438,1655,0,0,0,33,0,33,3934,0,20161,20161,323,246,0,246,369,0,0,0,0,0,0,0,0,16,693,457,0,35,422,0,422,0,31,1978,94,1190,4714,20190,23527,4406,36686,24215,2625,6752,9809,15607,7847,1233,1057,0,382,11317,2829,3810,308,307,815,1185,361,13738,19197,180,8443,6022,3546,4685,6707,4140,538,5081,15833,369,57,142,113,578,2993,274,274,12842,5991,1874,553,0,19,661,630,7737,555,204,3883,206,5841,1799,2743,4167,278,0,0,0,455,24545,0,67,3282,7761,310,2157,644,868,112,0,0,0,0,2511,0,4461,5465,2456,82,2810,2374,385,308,39,0,0,0,0,0,135,726,8036,11376,1902,3102,1337,110,0,0,2418,714,477,1607,3562,47,42,187,5826,12639,2752,4292,0,0,0,0,1620,2468,6890,9831,2550,2550,0,0,0,0,3166,10461,31303,14148,20000,20000,20000,20000,2373,1525,0,5424,0,0,0,0,0,0,0,0,0,0,0,0,0,0,0,0,36046,13232,9582,5779,0,0,5041,779,0,0,0,0,17667,7238,12048,12429,2684,4051,2329,354,0,0,58,15291,0,0,67801,47565,16719,15056,24360,30955,30955,14777,24459
dirty,20000,2138,2029,1739,2174,209,1569,0,0,0,0,0,0,4591,0,19478,19478,457,170,0,170,341,0,0,0,0,0,0,0,0,0,532,390,0,0,340,0,340,0,0,1608,140,1262,4486,18645,24414,4084,36781,24950,2420,6764,10208,15525,8059,1178,833,0,431,10773,2640,3787,640,347,1156,1040,231,13828,19418,199,8966,6264,3500,4435,6619,3929,573,4720,15825,489,27,109,136,520,1776,331,331,12737,5640,1513,688,0,57,1087,551,7857,571,257,3629,286,5665,1803,2947,4186,465,0,930,0,714,18214,0,109,3057,7948,175,2014,607,634,166,0,0,0,0,2108,0,3989,5128,3353,58,3120,1808,341,171,322,43,0,0,0,0,237,387,8341,7098,2034,3370,1259,0,0,0,3015,213,556,2128,7433,42,373,126,5553,12506,2077,6332,0,0,0,37,1809,1969,8723,9173,2024,2024,0,0,0,0,3659,10610,29390,13902,20000,20000,20000,20000,1746,952,0,4762,0,0,0,0,0,526,0,0,0,0,0,0,0,0,0,0,34256,13512,10248,6694,0,0,4582,814,0,0,0,0,15101,7730,13303,11730,2469,4561,2176,544,47,0,0,14692,0,0,58882,40828,17918,15835,23601,32894,32894,14824,25506
dirty,20000,2057,1773,1738,2695,251,1402,0,0,0,0,0,0,3753,0,19135,19135,609,147,0,147,331,0,0,0,0,0,0,0,0,13,922,413,0,69,381,0,381,0,0,1683,198,1099,4918,20110,23695,3815,36287,24615,2790,6731,10632,13589,8159,846,846,0,254,11312,2793,4175,423,508,1587,825,127,13421,18364,172,8703,6257,3569,7609,6824,3653,400,4400,15253,541,28,142,284,509,1019,407,407,12390,6181,1484,495,0,54,459,492,7779,368,198,3593,381,6061,1640,2723,3415,244,0,244,0,0,18113,0,72,3090,8240,192,1689,845,763,54,0,0,0,0,2700,0,4421,5638,2232,117,3142,2085,287,41,158,0,44,0,0,0,205,399,8798,11454,1701,3573,1747,0,0,0,2731,556,924,1667,2185,67,84,134,5187,8806,3084,4167,0,0,0,0,1151,1101,7108,9716,2598,2598,0,0,0,0,4722,14722,32778,16667,20000,20000,20000,20000,2278,1772,0,6582,0,0,0,0,0,0,0,0,0,0,35,0,0,0,0,0,36490,13025,10577,6744,0,0,4647,747,0,44,0,0,16915,8408,11940,11841,2254,4413,2160,282,0,0,0,15332,0,0,68794,47237,17650,14608,23456,31338,31338,14735,23694
dirty,20000,1772,1840,1601,2147,277,1658,0,0,0,0,0,0,4116,0,20166,20166,497,133,0,133,399,0,0,0,0,0,0,0,0,7,594,375,0,0,489,0,489,0,32,2068,97,1063,4856,19655,23847,4175,36757,24563,2136,7188,10672,16011,7956,861,775,29,516,10894,2570,3408,587,349,1279,581,233,13944,19405,137,8526,6691,4342,8093,8106,3683,349,4785,15887,331,30,90,30,317,2595,404,404,12517,5699,1518,346,0,17,631,358,7737,584,380,3679,380,5585,1579,2807,2907,176,0,529,0,0,15789,702,181,3164,8339,226,1759,731,839,54,0,0,0,0,2260,0,4118,5728,2749,63,3349,2117,330,183,274,37,0,0,0,0,277,271,8235,8125,1714,1500,1351,0,0,0,3029,189,991,2453,4154,45,113,91,5521,9246,2470,6592,0,0,0,0,1561,4089,7544,6421,2149,2149,0,0,0,0,3474,10684,29895,14263,20000,20000,20000,20000,2759,1724,0,5000,0,0,0,0,0,0,0,0,0,0,0,42,0,0,0,0,33494,13414,9598,6145,0,0,4212,862,0,0,0,0,16544,8078,15637,11361,2670,4383,2418,504,50,0,0,15347,0,0,59462,42774,17463,15805,24049,32528,32528,15854,24784
dirty,20000,1779,1818,1431,2089,255,1538,0,0,0,66,0,66,4033,0,19441,19441,592,177,0,177,389,0,0,0,0,0,0,0,0,0,580,478,0,34,272,0,272,0,0,1557,34,1257,4863,19235,23260,3826,37168,24472,2385,7463,10041,9903,8412,903,481,35,206,10788,2554,3723,543,0,1111,2222,0,13719,18420,68,8832,6709,4168,4844,7911,3657,435,4629,15473,420,56,56,56,573,2152,258,258,11977,5650,1544,377,0,23,464,548,7482,576,86,3770,325,6065,1923,2633,3136,297,0,381,0,370,14815,0,118,3176,8071,259,1575,534,703,56,0,0,0,0,2328,0,4023,5632,2275,84,2865,2612,249,62,520,0,0,0,0,0,318,509,8435,6656,2103,1689,1342,47,0,0,3106,198,1268,1980,7069,0,152,93,5799,8839,2506,5821,0,0,0,0,1303,1990,8159,6525,2338,2338,0,0,0,0,3955,11273,31500,14591,20000,20000,20000,20000,3182,2424,0,5303,0,0,0,0,0,0,0,0,0,0,40,40,0,0,0,0,34251,12915,10324,6356,0,0,4520,747,47,0,0,0,19910,9231,17511,11403,1939,4303,1939,242,45,0,90,15882,0,0,61792,54301,18005,15134,25061,31903,31903,15841,24336
dirty,20000,2172,1667,960,2071,281,1484,0,0,0,35,0,35,3772,0,20276,20276,656,36,0,36,290,0,0,0,0,0,0,0,0,7,578,256,0,0,475,0,475,0,0,1893,187,1047,4242,19168,19525,4166,37666,25772,2484,7035,10468,15059,8482,1255,884,57,257,10623,2710,3767,434,473,1183,828,118,13183,18394,190,8432,6686,4326,4224,7871,3594,620,4015,14300,387,28,138,138,385,1262,219,219,12356,5812,1728,366,0,23,543,464,7528,562,112,3511,508,5770,1465,2870,2622,196,0,157,0,122,16707,122,175,3117,7756,175,2016,817,708,54,0,0,0,0,2123,0,3994,5503,2743,114,3000,2314,335,210,270,0,0,0,0,0,269,522,7130,7344,1596,2640,1347,60,0,0,3393,455,1539,1970,1336,86,44,86,5114,8451,2329,6179,0,0,0,0,1199,2126,7307,14596,2529,2529,0,0,0,0,3231,11002,30511,14110,20000,20000,20000,20000,2053,1146,0,5060,0,0,0,0,0,0,0,0,0,0,0,0,0,0,0,0,34513,13538,9675,7004,0,0,5216,733,0,0,0,0,17448,8028,14896,11926,2000,6000,2000,0,48,0,48,16106,0,0,46931,49703,17905,14713,23441,31471,31471,15882,24853
dirty,20000,1879,1644,1544,2047,299,1483,0,0,0,35,0,35,3873,0,19675,19675,519,147,0,147,618,0,0,0,0,0,0,0,0,18,1131,242,0,34,370,0,370,0,0,1228,157,561,3488,13713,22741,4088,38629,26365,2743,6787,10848,14542,7983,900,675,0,394,11207,2607,3606,388,0,1200,800,0,16601,14049,0,11111,6442,3985,7382,7750,3686,379,4715,15583,415,0,89,237,491,1164,260,260,13033,5779,1803,697,0,0,481,459,7433,397,170,3716,467,5664,1664,3066,3727,373,0,248,0,0,13115,328,152,2990,7866,238,1723,706,904,56,0,0,0,0,2203,0,3955,4859,2705,219,3415,1776,80,361,76,80,0,0,0,44,266,741,7406,7118,1759,3495,1256,0,0,0,3084,0,586,1053,7494,48,32,145,6099,10520,2411,2705,0,0,0,40,1328,2774,7251,14968,1896,1896,0,0,0,0,3541,10744,31509,14165,20000,20000,20000,20000,2074,1475,0,4654,0,0,0,0,0,0,0,0,0,0,41,41,0,0,0,0,33320,12656,9544,5934,0,0,4734,961,0,0,0,0,17500,8538,15755,11887,2646,4275,2392,356,101,0,0,16222,0,0,26667,30196,17350,14369,22567,30333,30333,15667,22333
dirty,20000,1943,1752,1242,2166,204,1777,0,0,0,70,0,70,4406,0,20000,20000,483,130,0,130,347,0,0,0,0,0,0,0,0,8,625,471,0,139,347,0,347,0,0,1447,164,1064,4284,19618,23887,3737,37500,25379,2500,6050,7281,16390,5399,1125,741,27,329,10985,2635,3773,444,0,800,0,0,16286,19571,286,8000,6355,4108,7417,7838,3978,568,4574,15886,471,29,88,118,500,1291,500,500,13321,6527,2023,458,0,37,328,677,7936,703,293,3631,366,5732,1402,3110,2787,339,0,301,0,357,14286,0,123,2901,7654,391,1828,699,1022,108,0,0,0,0,2541,0,3988,5524,2594,160,3021,2406,279,139,148,70,0,0,0,0,94,410,7653,6713,1893,3665,1165,42,0,42,3136,571,664,2857,2432,154,196,103,5302,9355,2279,4513,0,0,0,0,1297,1348,7340,7923,2463,2463,0,0,0,0,3828,10313,29492,13281,20000,20000,20000,20000,2090,1140,0,4513,0,0,0,0,0,0,0,0,0,0,34,0,0,0,0,0,33103,12517,9828,5862,0,0,4816,699,0,0,0,0,24137,8795,11807,11205,2201,5105,2014,375,50,0,50,15495,0,0,21871,22302,17568,15721,23919,24615,24615,13538,19077
dirty,20000,1746,1516,1713,2339,231,1419,0,0,0,0,0,0,4151,0,19320,19320,646,53,0,53,267,0,0,0,0,0,0,0,0,0,577,424,0,0,557,0,557,0,0,1749,165,1204,4706,20766,23636,3840,36933,25461,2419,7560,11086,15842,8181,984,874,55,410,11039,2640,3652,478,476,1429,1270,0,16333,19518,0,12333,6574,3991,6799,7892,3752,414,4528,14748,553,29,29,58,291,709,378,378,12958,5282,1725,352,0,0,700,481,7309,403,173,3770,421,5835,1684,2977,3171,381,0,465,0,0,18889,0,195,3516,8156,366,1838,474,975,84,0,0,0,0,2500,0,3902,5701,3329,81,3437,1949,113,76,205,76,0,0,0,0,263,467,8026,11807,1959,1419,1276,135,0,0,3514,435,556,1304,3989,0,39,56,6230,8688,2438,2107,46,0,0,46,1122,978,7230,11735,2441,2441,0,0,0,0,3425,10548,30685,13562,20000,20000,20000,20000,2334,961,0,3982,0,0,0,0,0,0,0,0,0,0,118,29,0,0,0,0,34349,12991,9725,6532,0,0,4526,1006,0,0,0,48,16609,8112,17897,11288,2574,4059,1881,297,96,0,0,15156,0,0,69606,52441,17807,16272,24211,32871,32871,14653,24158
dirty,20000,2126,1495,1296,2425,291,1196,0,0,0,101,0,101,4235,0,20000,20000,714,195,0,195,272,0,0,0,0,0,0,0,0,9,524,328,0,0,378,0,378,0,0,1603,99,1121,4406,19012,23091,3939,38107,25780,2430,6181,7338,16435,5403,1254,845,29,146,11096,2865,3792,478,153,1832,916,458,16375,19485,125,9875,6683,4046,7713,7788,3341,612,4212,14141,445,83,111,56,479,2190,449,449,12761,6217,1759,491,38,47,724,487,7581,736,85,3564,529,5551,1410,2907,3259,81,0,448,0,417,15417,0,118,2884,7920,142,1992,701,589,56,0,0,0,0,2412,0,4441,5559,2400,86,3257,2114,158,197,285,0,0,0,0,0,339,193,8184,12361,1920,1261,1218,54,0,54,2927,435,989,1739,7152,45,41,89,6059,13259,2306,5732,89,0,0,0,1310,2024,6987,10131,2380,2380,0,0,0,0,3333,10576,30535,13868,20000,20000,20000,20000,2246,1123,0,4599,0,0,0,0,0,0,0,0,0,0,0,0,0,0,0,0,35425,13551,9804,6580,0,0,4205,978,48,0,0,0,14242,6970,12338,11472,2640,4422,2178,330,50,0,0,15075,0,0,62875,46776,17477,15000,23559,32882,32882,15546,24410
dirty,20000,2242,1697,1424,2364,347,1349,0,0,0,35,0,35,3972,0,20101,20101,505,34,0,34,205,0,0,0,0,0,0,0,0,0,488,375,0,0,372,0,372,0,36,1472,36,947,4763,20167,23403,3838,37202,25642,2520,6774,9799,16698,7577,958,732,56,451,11022,2820,4173,403,281,846,1113,337,13090,18394,166,8381,6794,4065,7332,7907,3785,510,4779,15114,604,0,86,86,406,1495,219,219,12295,5949,1445,595,0,54,576,648,6852,583,222,3939,412,5441,1735,3176,2778,238,0,397,0,309,18981,154,204,3065,8250,204,2022,738,738,109,0,0,0,0,2370,0,4030,5778,2226,0,3197,2539,346,148,308,49,43,0,0,0,263,181,7571,11584,1671,1500,1346,0,0,0,2677,88,1039,1278,2836,0,72,89,4610,12474,2532,4761,63,0,0,0,4270,1033,6944,9330,2152,2152,0,0,0,0,3774,10428,30272,13852,20000,20000,20000,20000,2141,1412,0,5239,0,0,0,0,0,0,0,0,0,0,45,0,0,0,0,0,35872,13211,10000,6789,0,0,5000,1067,0,0,0,47,16791,7297,11648,11692,2424,4192,2273,202,48,0,0,14348,0,0,63575,40679,17793,15090,24505,31290,31290,14376,25074
dirty,20000,1704,1908,1635,2283,272,1497,0,0,0,171,0,171,4198,0,20603,20603,603,185,0,185,704,0,0,0,0,0,0,0,0,82,410,164,0,110,276,0,276,0,0,3729,130,1068,4712,19890,22621,4182,38779,26312,2675,7348,10409,15148,8245,1060,809,28,223,10750,2565,3765,355,0,1132,1132,0,15449,12391,120,8623,6549,4024,7085,7888,3701,472,4829,15538,190,54,136,54,630,1400,372,372,11750,5635,1584,516,0,37,703,592,7449,628,273,3629,467,6131,1431,2978,2827,157,0,471,0,125,18000,250,171,3049,8073,195,1757,626,722,0,0,0,0,0,2574,0,4172,5473,2584,88,3113,2555,239,239,164,40,0,57,0,0,141,213,7435,7250,1620,4069,1481,0,0,0,3019,0,217,2927,3434,49,60,98,5358,10240,2448,1829,0,0,0,45,1189,1805,7034,9460,2161,2161,0,0,0,0,3715,9590,29244,14212,20000,20000,20000,20000,1774,1197,0,4346,0,0,0,0,0,0,0,0,0,0,152,0,0,0,0,0,35698,13682,10078,7054,0,0,5379,975,0,0,0,0,16645,7582,10806,12157,2146,4932,2100,183,0,0,0,15242,0,0,55528,42899,17650,16050,23350,31516,31516,15473,23736
dirty,20000,1760,1760,1387,2538,267,1449,0,0,0,38,0,38,4242,0,19144,19144,285,172,0,172,241,0,0,0,0,0,0,0,0,11,1090,229,0,0,277,0,277,0,32,1868,193,979,4895,20056,24719,4202,38962,26355,2361,6216,7379,13941,5589,1092,794,74,298,11306,3028,3944,500,408,408,408,0,14872,18850,128,10256,6866,4495,4862,8402,3639,566,4636,15660,511,28,142,57,371,2725,429,429,12938,6907,1959,876,0,70,551,592,7330,664,202,4012,395,5463,1608,3187,3302,148,0,482,0,0,17241,0,133,3033,8067,133,1763,665,723,58,0,0,0,0,2489,0,4148,5511,3031,162,4032,2327,288,370,363,82,0,0,0,0,323,211,8037,16245,2304,3675,1414,0,0,0,2740,0,981,1739,2284,48,52,48,5511,12375,2557,3541,0,0,0,0,1616,3709,7078,15461,2283,2283,0,0,0,0,3497,10413,28566,13399,20000,20000,20000,20000,2086,1390,0,4545,0,0,0,0,0,0,0,0,0,0,0,0,0,0,0,0,36163,12980,10122,6408,0,0,4571,939,0,0,0,0,16113,7826,12225,12532,2095,4688,2045,299,54,0,109,14185,0,0,60285,49369,17380,14636,22121,33198,33198,15631,24955
dirty,20000,1942,1806,1601,2521,275,1780,0,0,0,0,0,0,4077,0,20746,20746,560,67,0,67,468,0,0,0,0,0,0,0,0,0,536,179,0,0,445,0,445,0,0,1948,104,845,4169,19918,23986,3941,37001,24833,2553,7008,10489,14624,7802,1298,773,83,304,11070,2563,4197,592,260,1558,260,260,11294,19577,0,6824,6939,4369,4974,8291,3408,476,4756,15429,335,0,30,61,618,2598,393,393,12779,5974,1474,529,0,23,551,458,7514,578,87,3728,358,5227,1486,2971,2902,275,0,235,0,417,19583,833,78,3176,7686,78,1978,596,1057,54,0,0,0,0,2630,0,4191,5520,3113,53,3008,2612,383,335,235,48,0,0,0,0,230,427,7954,10938,1866,3405,1302,0,0,0,3359,0,640,2326,7189,147,109,49,5582,8205,2637,5071,0,0,0,50,1010,1734,6811,5833,2062,2062,0,0,0,0,3633,10478,29369,13499,20000,20000,20000,20000,1948,1433,0,4126,0,0,0,0,0,0,0,0,0,0,0,0,0,0,0,0,35438,13320,10143,6884,0,0,4061,848,0,0,0,49,13961,6814,9695,11745,2156,4954,2064,229,0,0,0,16077,0,0,68193,45966,17341,15287,23444,31660,31660,15532,24340
dirty,20000,1743,2138,1579,2467,254,1444,0,0,0,0,0,0,3590,0,19081,19081,539,181,0,181,505,0,0,0,0,0,0,0,0,0,274,822,0,103,411,0,411,0,34,1407,34,1070,4527,19424,19087,3948,38684,25935,2348,7029,10193,7281,8162,1244,794,138,415,10219,2581,3458,413,714,1429,714,0,16954,18581,132,10861,7140,4461,6829,8270,3570,367,4777,14908,446,28,28,139,275,687,367,367,12737,6287,1572,542,0,16,685,452,7784,408,437,3819,394,5521,1606,3099,2931,277,0,119,0,234,21016,156,110,3268,7390,285,2096,592,866,91,0,0,0,0,2075,0,3940,5624,2510,78,3027,2432,162,216,261,0,0,0,0,0,272,236,8503,10895,1755,1735,1109,0,0,0,3404,198,968,2970,3715,48,55,333,4927,8545,1962,6074,88,0,0,0,1099,1064,6402,15044,2196,2196,0,0,0,0,3615,10648,29391,13988,20000,20000,20000,20000,2420,1529,0,4204,0,0,0,0,122,0,122,0,0,0,0,0,0,0,0,0,34903,13307,10039,5953,0,0,4637,588,0,0,0,51,22436,9744,15000,15769,2196,4439,2196,514,0,0,46,14491,0,0,85655,51770,16897,15304,22683,31446,31446,15248,24752
dirty,20000,1834,1799,1517,2928,484,1491,0,0,0,0,0,0,3972,0,19773,19773,617,142,0,142,391,0,0,0,0,0,0,0,0,0,630,344,0,34,379,0,379,0,0,1429,71,927,4579,20421,16011,3970,37663,25226,2462,6886,9903,9823,7447,974,860,29,229,10670,2547,3887,483,0,1509,1509,0,14651,19016,0,9070,6766,4217,8102,8622,3730,391,4760,16021,530,0,41,163,390,2068,334,334,11957,6014,1739,435,0,19,648,523,7114,520,164,3557,501,5390,1473,2975,2986,314,0,275,0,594,26040,198,224,3232,7542,202,2061,676,980,68,0,0,0,0,2057,0,3829,5457,2367,106,3138,1862,119,238,300,0,0,0,0,0,296,207,8621,8030,1716,1954,1084,0,0,0,3165,270,159,2432,4181,66,100,132,5579,9483,1986,3851,0,0,0,0,942,1714,6870,7263,2392,2392,0,0,0,0,3933,11011,28539,14719,20000,20000,20000,20000,2150,1500,0,4800,0,0,0,0,0,0,0,54,0,0,52,0,0,0,0,0,36304,13881,11047,6776,0,0,4566,906,0,0,0,49,15782,8483,13649,11327,2404,4671,2177,363,144,0,96,16010,0,0,70138,61262,18493,15251,25434,31097,31097,14882,24086
dirty,20000,1875,1743,1678,2796,189,1479,0,0,0,35,0,35,3993,0,19620,19620,570,184,0,184,368,0,0,0,0,0,0,0,0,0,357,179,0,33,464,0,464,0,0,1843,101,966,4539,20176,23313,3603,37139,24874,2570,6995,10578,15494,8235,913,542,29,342,10769,2665,3709,495,345,1724,1034,0,16516,11852,0,10452,6750,4638,6941,8339,3409,227,4773,16023,219,63,250,63,389,1424,245,245,12476,5758,1536,422,0,26,411,402,7464,466,117,4082,475,5638,1721,3056,2863,159,0,477,0,724,24977,452,0,2593,7037,370,1955,687,661,79,0,0,0,0,2552,0,3947,5341,2205,77,2897,2462,295,295,256,0,0,0,0,0,221,426,7638,13257,1691,1887,1546,0,0,0,2685,508,566,1864,7737,48,62,48,5687,8365,2795,3647,0,0,0,0,1295,3816,7739,12603,1911,1911,0,0,0,0,3503,10282,29077,13559,20000,20000,20000,20000,1733,1436,0,4604,0,0,0,0,0,0,47,0,0,0,0,0,0,0,0,0,33569,12565,9554,6766,0,0,4663,577,0,0,0,0,15650,7190,13474,12145,2313,3500,1938,188,48,0,48,15277,0,0,68404,43281,18412,15980,23821,30985,30985,14746,24119
dirty,20000,2010,1647,1351,2438,167,1561,0,0,0,34,0,34,4007,0,20099,20099,530,398,0,398,306,0,0,0,0,0,0,0,0,0,1111,556,0,99,296,0,296,0,0,1752,127,982,4284,19345,18327,4256,38128,26077,2897,6896,10055,16266,7732,1072,536,54,349,11074,2782,3554,523,309,1081,695,232,13699,14089,0,6849,6955,4227,7228,8330,4138,575,4598,17471,418,0,104,235,463,1929,347,347,12537,5448,1866,634,0,13,837,381,7429,480,226,3531,456,5193,1655,2882,2908,275,0,354,0,515,21838,147,0,4231,8846,385,1735,768,669,0,0,0,0,0,2157,0,3732,5656,2987,133,2987,2080,317,363,259,45,0,0,0,0,336,412,8058,7067,1687,3647,1060,0,0,0,2484,610,1022,2317,3060,48,69,96,5786,8416,2394,3733,46,0,0,0,1262,988,6931,9416,1587,1587,0,0,0,0,3709,10593,28413,13499,20000,20000,20000,20000,2123,1333,0,4494,0,0,0,0,0,0,0,0,0,0,45,45,0,0,0,0,34576,12994,9906,6215,0,0,4422,977,0,0,0,49,16810,9080,9571,13252,2232,4330,2098,134,0,0,0,15665,0,0,71814,64093,17168,14641,21656,34344,34344,16401,26787
dirty,20000,1931,1621,1276,2552,332,1488,0,0,0,0,0,0,5055,0,19967,19967,753,143,0,143,466,0,0,0,0,0,0,0,0,0,351,351,0,0,216,0,216,0,71,1950,106,1076,4462,19344,19558,4036,37640,25787,2563,7093,10296,15627,7992,1034,833,29,460,10989,2692,3846,549,320,1319,733,253,19603,17726,185,12571,7051,4309,7365,8606,3978,663,4972,16243,455,80,134,134,651,1489,503,503,12292,5569,1596,611,0,36,466,474,7166,656,281,3700,480,5141,1836,3079,3120,171,0,513,0,150,19026,300,274,4110,9315,274,1933,644,805,161,0,0,0,0,2452,0,4461,5554,2941,134,3369,2380,410,319,234,46,0,0,0,0,231,626,7667,6666,1850,1422,1700,0,136,0,2721,503,1565,1407,3186,0,53,44,4988,6807,2540,2753,0,0,0,95,1411,1541,6774,5849,1797,1797,0,0,0,0,3699,10452,28989,14710,20000,20000,20000,20000,2054,1076,0,4401,0,0,0,0,0,0,0,103,0,0,0,81,0,0,0,0,33840,12632,9708,6160,0,0,5072,909,0,0,0,0,15238,7359,16407,12208,2440,4401,1961,131,0,0,93,14896,0,0,65690,50879,17252,15476,23256,32308,32308,15484,24367
dirty,20000,1902,1969,1324,2479,241,2127,0,0,0,37,0,37,4000,0,19516,19516,518,63,0,63,534,0,0,0,0,0,0,0,0,0,152,455,0,0,246,0,246,0,0,1613,29,1224,4673,19917,25066,3955,37463,25000,2363,6717,9858,15703,7862,1248,681,28,284,10694,2694,3389,500,437,1409,753,182,19932,19065,152,12724,7136,4254,8074,8712,5397,317,4444,22222,449,56,140,169,653,2153,326,326,12997,5995,1864,554,0,0,546,551,7541,328,0,3279,228,5621,1626,2625,2519,74,0,296,0,228,20774,273,140,4196,9930,280,1910,603,854,25,0,0,0,0,1898,0,4146,5460,2714,54,3202,2090,345,216,219,0,0,59,0,0,279,227,8186,6609,1889,3535,1475,0,0,0,3077,217,1164,1877,7056,45,29,0,5897,7386,2667,5918,0,0,0,0,1458,2234,7202,12237,1835,1835,0,0,0,0,3353,10659,29701,14092,20000,20000,20000,20000,1955,1182,0,4727,0,0,0,0,0,0,0,0,0,0,0,0,0,0,0,0,35415,13518,9328,6877,0,0,4306,787,0,0,0,46,14765,7830,13333,10962,2133,4408,2417,284,94,0,0,15294,0,0,60040,49212,18142,15619,24779,31799,31799,14351,24435
dirty,20000,1667,1871,1667,2279,279,1614,0,0,0,35,0,35,4362,0,19967,19967,489,72,0,72,394,0,0,0,0,0,0,0,0,0,704,277,0,34,305,0,305,0,46,1751,0,952,5143,20027,20176,4151,37358,25836,2138,6805,10150,15038,8139,890,920,59,326,11048,2748,3619,653,241,1048,518,144,19454,18252,132,12953,7143,4516,7480,8438,4000,333,5333,21667,442,29,88,29,774,460,341,341,11586,6035,1454,529,0,0,742,543,8539,674,225,3371,294,5609,1498,2614,3028,159,0,319,0,271,18190,151,0,4444,8642,0,1733,773,640,0,0,0,0,0,2539,0,4108,6049,2883,153,2914,2515,330,495,359,82,0,47,0,0,329,485,7700,13090,1891,4427,1466,0,0,0,3333,474,998,1943,7286,93,101,139,6009,10862,2489,5746,50,0,0,0,1048,1765,7710,10103,2313,2313,0,0,0,0,3697,10252,29538,13866,20000,20000,20000,20000,2131,1311,0,4508,0,0,0,0,0,48,0,0,0,0,48,0,0,0,0,0,34706,12706,9373,6392,0,0,4667,857,0,0,0,0,19186,8837,18256,11628,2108,3981,2201,375,0,0,0,15285,0,0,43380,34672,17652,15052,22474,31884,31884,14783,24493
dirty,20000,1947,1568,1593,2301,307,1451,0,0,0,0,0,0,4682,0,20287,20287,615,83,0,83,496,0,0,0,0,0,0,0,0,0,623,415,0,34,549,0,549,0,0,1565,128,1184,4559,24962,23966,4604,39339,26740,2753,6532,9823,15148,7975,829,507,35,219,10820,2566,3228,317,354,1161,881,206,13221,18742,101,8437,6948,4224,7513,8225,4110,508,5127,15169,682,30,59,119,606,1214,394,394,11370,5644,1671,603,0,23,523,580,7397,427,256,3613,532,5908,1802,2895,3288,391,0,352,0,413,19270,286,158,3176,7635,180,2040,793,935,57,0,0,0,0,2474,0,4314,5943,2877,112,3687,2151,401,281,122,80,0,0,0,0,201,275,7769,6890,1797,3176,1429,0,0,0,2159,129,1058,1545,7185,0,154,142,5722,10561,2778,4113,35,0,0,35,1538,1199,7473,6870,2473,2473,0,0,0,0,3171,10190,29979,13742,20000,20000,20000,20000,2028,1198,0,4147,0,0,0,0,0,0,0,51,0,0,115,0,0,0,0,0,35861,13484,9590,6516,0,0,4269,603,0,0,0,0,16279,7611,15180,10951,2436,4637,2623,234,0,0,152,15758,0,0,45702,39352,18079,15590,24934,33945,33945,15596,26468
dirty,20000,1921,1887,1623,2185,288,1205,0,0,0,36,0,36,4229,0,20000,20000,357,37,0,37,446,0,0,0,0,0,0,0,0,0,369,553,0,33,526,0,526,0,0,2076,152,1040,4843,20301,22981,3800,37997,26033,2953,6901,10537,9799,7893,994,739,57,369,10849,2658,3753,384,333,1183,690,173,15899,19311,185,11490,6765,4455,6935,8389,3667,667,6333,20667,346,29,87,87,574,1228,344,344,12112,6056,1346,411,0,17,495,408,9231,420,559,3636,469,5313,1523,2891,3175,330,0,536,0,206,18532,323,345,6207,11379,0,1856,665,803,0,0,0,0,0,2250,0,4156,5938,2719,51,3024,2389,277,277,370,0,0,0,0,120,462,490,7789,11817,1774,3392,1020,0,0,0,3077,144,229,1914,1515,0,24,65,5535,7960,2791,5847,0,0,0,0,978,2505,7432,11885,2252,2252,0,0,0,0,3206,10331,30229,13588,20000,20000,20000,20000,2152,1211,0,4843,0,0,0,0,49,0,0,0,0,0,0,0,0,0,0,0,35801,13203,10303,7143,0,0,4396,725,0,0,0,0,17027,7793,10541,11937,2157,4989,2112,360,0,0,0,15885,0,0,64132,40496,17551,15737,23039,31620,31620,15205,24320
dirty,20000,1815,1471,1659,2160,242,1464,0,0,0,35,0,35,3778,0,19028,19028,470,96,0,96,289,0,0,0,0,0,0,0,0,0,664,581,0,34,306,0,306,0,35,1926,140,1313,4721,20391,18612,3850,37375,24950,2475,7044,10421,16436,8125,1127,676,56,338,10870,2853,3804,571,280,1231,707,171,19884,19228,200,12562,7046,4443,6139,8312,3425,773,4530,16133,459,29,86,201,378,1181,378,378,13858,6142,1573,599,0,24,400,465,10330,440,220,3516,285,5613,1709,2849,3514,216,0,270,0,304,18237,213,0,3889,11250,417,1651,385,770,0,0,0,0,0,2337,0,4260,6006,2722,27,3423,2102,328,369,134,82,0,0,0,0,143,441,8219,8020,2258,3034,1290,0,0,0,2545,294,71,1912,3084,86,27,86,4939,9519,2641,3532,0,0,0,44,1033,2764,7760,10632,2292,2292,0,0,0,0,3546,10518,29323,13665,20000,20000,20000,20000,1977,1333,0,4782,0,0,0,0,0,47,0,0,0,0,0,0,0,0,0,0,30725,11014,8986,5217,0,0,4208,1087,0,0,0,52,17479,7521,9790,11387,2456,4160,1905,251,0,0,0,15606,0,0,74969,58910,17484,14584,23838,31140,31140,15871,24645
dirty,20000,2073,1865,1485,2349,336,1454,0,0,0,0,0,0,3659,0,19571,19571,726,261,0,261,359,0,0,0,0,0,0,0,0,0,599,674,0,0,267,0,267,0,0,1969,272,1020,5044,21458,24726,4329,38228,25165,2658,6788,9780,16852,7742,928,816,56,366,10919,2210,3515,453,349,1262,829,240,19405,18406,161,12492,6985,4310,7444,8310,3243,270,3514,15946,399,28,57,85,589,389,310,310,12194,5981,1670,466,0,16,492,444,8814,678,0,4746,381,5660,1642,2874,3272,317,0,264,0,281,18877,94,282,3521,8873,282,2116,864,984,30,0,0,0,0,1905,0,4230,4874,2842,135,3275,2165,145,145,202,0,0,0,0,0,377,232,8255,10822,1966,4901,983,0,0,0,2628,141,1585,1459,3868,46,39,0,5833,9311,3095,3400,0,0,0,0,1101,2150,7010,9248,2353,2353,0,0,0,0,3438,10357,29018,13750,20000,20000,20000,20000,2160,1235,0,4444,0,0,0,0,49,49,0,0,0,0,0,0,0,0,0,0,34667,14667,8667,6667,0,0,4755,1034,0,0,0,0,18902,8196,13490,11569,2356,4375,2404,240,0,0,0,15133,0,0,77437,58384,17339,15521,24080,33192,33192,15211,26432
dirty,20000,1857,1725,1559,2156,193,1573,0,0,0,0,0,0,4267,0,19968,19968,517,68,0,68,405,0,0,0,0,0,0,0,0,0,628,269,0,73,400,0,400,0,0,1790,126,1085,4613,19457,23616,4024,36293,24805,2317,7040,10429,15662,7786,846,494,42,202,11147,2483,3455,567,354,1330,671,171,19612,18226,129,12827,6483,4124,7199,7950,3158,0,4737,16053,368,57,142,85,415,1250,415,415,13333,6051,1590,513,0,36,438,524,10000,385,385,3462,401,5588,1578,2433,3470,312,0,468,0,406,18469,125,61,2818,8025,214,2148,639,1023,51,0,0,0,0,2177,0,4122,5864,2246,0,2923,2382,231,270,41,39,0,0,0,42,234,436,8103,6792,2315,2017,1429,0,0,0,3194,234,1041,1967,7609,48,39,145,6070,7139,2935,5727,118,0,0,0,1103,2346,7268,5511,2607,2607,0,0,0,0,3475,11059,29025,14280,20000,20000,20000,20000,2029,1208,0,4300,0,0,0,0,51,51,0,0,0,0,88,0,0,0,0,0,32836,11045,10746,5672,0,49,4757,922,0,0,0,0,15841,7743,11283,12876,2353,4655,1790,307,0,0,46,15324,0,0,41174,35263,17820,15220,23941,32052,32052,14644,25400
dirty,20000,2060,1954,1918,2593,274,1244,0,0,0,109,0,109,4080,0,20067,20067,401,68,0,68,441,0,0,0,0,0,0,0,0,0,346,519,0,34,413,0,413,0,38,2368,113,1208,4860,20590,24903,4000,36900,25350,2600,6226,7812,16044,5651,984,753,58,434,11221,2524,3923,439,267,990,571,190,20150,19329,167,12638,6926,4545,7862,8708,2769,923,4308,18769,394,84,84,0,682,1346,341,341,12288,5683,1845,590,0,0,487,490,9231,1154,385,5000,565,5952,1220,3214,3236,195,0,273,0,233,18052,145,187,3200,8267,160,2274,630,712,137,0,0,0,0,2340,0,4528,5811,3019,52,3226,2116,196,196,329,0,0,0,0,43,240,376,8077,8806,2127,3039,1013,102,0,0,4184,355,1034,1929,3584,0,58,45,6142,12410,2992,1972,126,0,0,42,1443,1523,6597,8650,2014,2014,0,0,0,0,3281,10632,29723,13557,20000,20000,20000,20000,2490,1577,0,4398,0,0,0,0,0,0,0,0,0,0,48,0,0,0,0,0,36610,14237,10508,6780,0,0,4009,911,0,0,0,0,19052,8289,16577,11711,2754,4589,2367,290,91,0,0,14591,0,0,83406,61377,17987,15302,24340,28916,28916,13373,22530
dirty,20000,1818,1650,1717,2660,177,1734,0,0,0,101,0,101,4486,0,20198,20198,494,107,0,107,571,0,0,0,0,0,0,0,0,2,500,370,0,34,475,0,475,0,0,1772,63,1027,4432,20000,19168,4054,34493,23919,2399,7028,10215,14209,7897,1217,667,58,406,11180,2725,3567,562,210,1016,525,210,19641,20315,163,12518,6650,4196,7085,8629,4571,286,4571,17143,537,28,56,113,426,2032,313,313,13516,6328,1328,391,0,15,358,431,7545,479,719,3713,345,5525,1669,2964,2932,376,0,226,0,154,19263,307,57,3438,8665,227,1975,677,564,0,0,0,0,0,3273,0,5455,6182,2610,151,2911,2133,244,122,335,61,0,0,0,0,97,436,8213,7560,1441,2470,1261,0,0,0,2973,153,1039,1688,3186,45,32,90,5808,7392,2273,3666,0,0,0,46,1550,1989,5833,8266,1667,1667,0,0,0,0,3451,11518,30478,14179,20000,20000,20000,20000,2287,1489,0,4362,0,0,0,0,0,0,0,0,0,0,45,45,0,0,0,0,33333,13333,10182,6788,0,0,5126,754,0,0,0,0,17185,7689,12185,11471,2597,4647,2005,410,50,0,50,14458,0,0,52404,41172,17253,15365,23348,30122,30122,14367,23551
dirty,20000,2054,1616,1246,2559,261,1606,0,0,0,71,0,71,4071,0,21205,21205,723,93,0,93,433,0,0,0,0,0,0,0,0,0,806,323,0,0,316,0,316,0,20,3681,102,1101,4430,19087,23856,3744,36520,25022,2555,7074,10366,15962,7931,958,639,0,435,11135,2676,3649,324,313,1303,725,214,19983,18751,153,13118,7089,4378,6857,7969,3871,323,5484,18065,383,29,88,59,475,1225,223,223,12467,5430,1568,650,0,8,408,549,7448,865,112,3487,621,5980,1693,2736,3051,452,0,339,0,286,17486,343,224,2777,8163,84,1885,872,788,28,0,0,0,0,1159,0,4058,5797,2489,174,3213,2315,349,349,168,58,0,0,0,88,297,214,8515,11366,1575,1424,1146,48,0,0,4019,254,1025,2284,7084,0,706,0,5476,12841,2262,4710,86,0,0,0,1298,4056,6400,9843,2400,2400,0,0,0,0,3158,10821,29221,13642,20000,20000,20000,20000,1950,998,0,4626,0,0,0,0,0,98,0,0,0,0,0,50,0,0,0,0,36340,13725,11111,7712,0,0,4605,987,0,0,0,0,20144,8654,11538,11683,2256,4902,2343,130,47,0,47,14941,0,0,49725,39083,17016,15768,23163,31148,31148,14322,24175
dirty,20000,1990,1585,1788,2934,251,1413,0,0,0,108,0,108,4477,0,20099,20099,692,70,0,70,209,0,0,0,0,0,0,0,0,30,633,361,0,0,472,0,472,0,32,2068,65,1235,4913,19409,22783,4041,38808,25959,2383,6289,8014,14907,6049,819,877,29,351,11362,2806,3631,413,426,1216,638,213,15893,19500,145,11310,6940,4408,6834,8123,4308,615,4615,18154,718,29,115,230,655,1926,285,285,12835,6102,1496,709,0,34,535,350,7437,306,306,3788,565,5318,2024,2682,3509,78,0,468,0,183,19145,427,139,2853,8061,222,2166,535,775,107,0,0,0,0,2963,0,9630,10741,2835,180,3505,1881,547,39,114,0,0,0,0,0,240,202,8125,10376,1644,1906,1233,192,0,96,9038,341,556,1805,6927,80,45,119,5688,8574,2257,4299,78,0,0,0,1735,3788,8837,8712,1860,1860,0,0,0,0,3804,10353,29451,13333,20000,20000,20000,20000,2179,1211,0,4407,0,0,0,0,0,0,0,0,0,0,0,0,0,0,0,0,33016,13333,10159,6984,0,0,4720,745,0,0,0,41,16161,7366,11786,12768,2488,4789,1925,282,0,0,95,15745,0,0,44192,27222,18357,15775,23803,29843,29843,14685,24134
dirty,20000,2054,1717,1448,2458,159,1558,0,0,0,0,0,0,3630,0,19871,19871,677,143,0,143,321,0,0,0,0,0,0,0,0,0,1136,682,0,0,407,0,407,0,0,1525,0,1200,4714,20229,23714,3946,37213,25425,2343,6881,10126,16117,7925,1119,746,29,488,10992,2893,3388,523,406,1344,938,188,20066,19259,214,12564,6908,4447,6842,8395,4179,896,5075,17612,193,0,28,28,434,2114,434,434,11839,5977,1418,766,0,14,428,546,7707,563,141,3826,355,5710,1509,2899,2700,114,0,494,0,308,18831,246,80,3209,7674,80,1838,711,907,25,0,0,0,0,2909,0,5091,6545,2879,125,3329,2228,266,332,114,0,0,0,0,0,335,205,7847,11203,1801,3104,970,92,92,0,8165,159,341,2169,1635,33,133,33,5756,8166,2360,3668,0,0,0,0,1238,3613,9302,7743,3721,3721,0,0,0,0,4246,10149,30318,13291,20000,20000,20000,20000,1960,1055,0,4171,0,0,0,0,0,0,0,0,0,0,51,0,0,0,0,0,32706,13882,8471,6824,0,0,4416,675,0,0,0,0,18230,8142,11195,12212,2923,4408,1995,464,50,0,0,15881,0,0,52528,37175,17698,15079,24424,31379,31379,15000,23879
dirty,20000,2156,1776,1818,2495,113,1431,0,0,0,70,0,70,4211,0,19410,19410,689,57,0,57,341,0,0,0,0,0,0,0,0,0,655,345,0,0,446,0,446,0,0,1436,100,1037,4548,19197,23284,4106,37330,25441,2317,7001,9976,16150,7880,1237,854,29,295,11492,2790,3508,552,342,1225,684,342,19673,19244,82,12537,6698,4709,7798,8558,5000,294,5000,17941,397,57,85,170,591,1749,394,394,12423,5846,1577,538,0,43,596,484,7926,398,142,3920,434,5673,1708,2923,2949,265,0,265,0,252,18658,294,136,3138,8431,246,1532,426,851,85,0,0,0,0,3429,0,5286,7571,2985,146,3083,2184,155,310,399,0,0,48,0,0,331,214,7896,7244,1761,3954,1006,242,81,0,8790,428,490,1818,3706,0,44,132,5905,7581,2524,4253,0,0,0,0,1439,2041,9423,8992,2308,2308,0,0,0,0,3855,10562,30361,14538,20000,20000,20000,20000,2643,998,0,4489,0,0,0,0,0,0,0,0,0,0,0,0,0,0,0,0,35082,15082,10492,6557,0,0,4330,1031,0,0,0,0,14809,7277,11489,11191,2556,4110,2055,201,0,0,47,15943,0,0,47919,33020,17617,15532,23702,31422,31422,15492,24770
dirty,20000,1801,1745,1413,2521,645,1876,0,0,0,73,0,73,4428,0,20000,20000,412,150,0,150,300,0,0,0,0,0,0,0,0,0,529,252,0,39,276,0,276,0,0,1664,248,887,4113,19462,23419,3992,36358,25123,2510,7379,10112,16117,7975,1088,962,42,586,11153,2687,3826,488,355,1278,799,249,13077,19140,118,8376,6711,4092,7989,8109,3277,335,4804,15345,382,59,118,59,475,1730,267,267,11739,5814,1752,556,0,16,467,481,7461,402,201,3673,367,5424,1441,2881,2957,259,0,407,0,208,18899,208,105,2749,7827,183,1877,616,840,56,0,0,0,0,2334,0,3900,5672,2703,114,3073,2048,192,115,295,0,0,0,0,39,244,427,7415,10055,2154,1582,1231,54,0,0,1848,264,453,1586,4807,0,67,48,5563,7139,2253,4790,0,0,0,0,876,4742,7607,15126,1713,1713,0,0,0,0,3683,10733,30218,14020,20000,20000,20000,20000,2174,1256,0,4928,0,0,0,0,0,0,0,0,0,0,45,45,0,0,0,0,34659,13177,9591,6238,0,0,4812,795,0,46,0,0,26132,8601,12346,11893,2602,4482,1976,482,0,0,0,19111,0,0,50192,47889,17009,15625,22991,32099,32099,15260,24199
dirty,20000,2329,2192,1678,2432,518,1472,0,0,0,0,0,0,4195,0,19361,19361,497,225,0,225,451,0,0,0,0,0,0,0,0,0,682,682,0,34,482,0,482,0,0,1922,104,1116,4816,20571,24754,3887,38900,25959,2737,6679,10257,15777,7670,1008,1064,0,420,11283,2924,4166,414,302,1294,575,187,19672,13961,144,12431,6941,4506,7499,8625,4456,622,5078,18653,382,29,117,88,484,565,370,370,12753,5009,1812,604,0,31,488,459,7310,579,138,3421,300,6807,1739,2759,3121,193,0,347,0,0,17818,0,227,3116,8584,312,1882,651,965,48,0,0,0,0,3448,0,4138,7586,3192,282,3521,2042,360,180,251,0,0,0,0,0,317,485,7330,6536,1865,1714,1347,0,0,0,11055,141,199,1553,3060,76,146,38,5622,9352,2673,5782,63,0,0,0,1299,1328,12827,9873,3966,3966,0,0,0,0,4079,11161,31161,14844,20000,20000,20000,20000,2555,1474,0,5258,0,0,0,0,51,0,0,0,0,0,0,48,0,0,0,0,35472,13962,11195,6918,0,0,4963,639,0,0,0,0,14779,7743,11637,12478,2005,4237,2141,501,0,0,48,15131,0,0,34034,32479,16404,14737,24561,32338,32338,14675,24545
dirty,20000,1645,1908,1579,2303,296,1625,0,0,0,0,0,0,4108,0,20258,20258,568,60,0,60,359,0,0,0,0,0,0,0,0,0,693,433,0,33,368,0,368,0,56,1643,111,1152,4775,20393,19917,3759,37945,25564,2607,6914,10341,16623,7687,1156,751,0,434,11560,2730,4095,362,177,1178,766,265,16123,18182,226,10210,6929,4508,6993,8515,4483,345,4943,19195,420,28,196,56,687,2759,401,401,13187,6593,1923,549,0,38,391,529,7393,497,193,3476,269,5970,1552,2657,3204,184,0,221,0,0,22727,455,190,2962,8152,245,1942,667,841,0,0,0,0,0,2300,0,4272,6197,2812,29,3246,2145,285,114,183,0,0,0,0,0,269,420,8215,6656,2169,1953,1735,197,0,0,9360,195,372,1752,3464,0,93,108,5631,12543,2477,5750,0,0,0,0,1481,1584,14596,8060,4772,4772,0,0,0,0,3404,10213,30936,14170,20000,20000,20000,20000,2118,1281,0,4532,0,0,0,0,0,0,0,0,0,0,50,0,0,0,0,0,32453,12642,9811,6981,0,0,3980,945,49,0,0,49,16737,7712,14068,12161,2096,3974,2489,306,0,0,51,15448,0,0,56851,39182,17596,16417,24218,32424,32424,15628,24156
dirty,20000,2155,1717,1515,2424,252,1121,0,0,0,70,0,70,3937,0,20779,20779,738,96,0,96,255,0,0,0,0,0,0,0,0,0,484,541,0,0,179,0,179,0,0,1767,28,1071,4900,19491,23254,4194,38721,26061,2660,6906,10374,14485,7975,811,783,84,308,11208,2656,3718,558,277,1448,801,247,14411,18951,142,8851,7043,4462,7565,8612,3699,616,4726,16301,642,56,84,84,398,2841,284,284,11932,5966,2064,713,0,32,431,605,7257,629,200,3800,648,5803,1606,2845,3373,241,0,201,0,134,25772,134,271,2950,7903,298,1897,615,590,26,0,0,0,0,1994,0,4217,5128,2640,181,3002,2532,265,0,280,88,0,0,0,0,207,318,7597,14169,1889,3269,1356,102,0,0,9490,442,651,1966,2245,0,34,0,5914,5009,2438,2083,46,0,0,0,1376,2708,15868,15868,4910,4910,0,0,0,0,3319,9915,29532,12979,20000,20000,20000,20000,2034,872,0,4504,0,0,0,0,0,0,0,0,0,0,0,0,0,0,0,0,31563,12500,8750,6250,0,0,4604,863,0,0,0,0,15809,7608,9294,11754,1986,4917,2364,284,0,0,92,14885,0,0,45119,40595,18100,16295,24276,32922,32922,15890,25479
dirty,20000,1830,1541,1701,2087,261,1732,0,0,0,37,0,37,4082,0,20063,20063,444,100,0,100,301,0,0,0,0,0,0,0,0,0,746,597,0,0,411,0,411,0,0,1586,124,1230,4385,18984,24621,4122,38321,26081,2646,7221,10620,10632,8015,1229,584,61,399,11248,2716,3759,576,329,1106,867,149,13442,18258,190,8735,6084,3440,6776,6546,3875,415,4983,16886,438,0,146,204,456,2067,228,228,11929,5628,1912,779,0,0,228,438,7545,631,247,3951,559,6025,1366,2733,2825,135,0,359,0,870,23478,435,169,3179,7989,281,2228,660,688,83,0,0,0,0,2157,0,4160,5701,3314,173,3746,2017,223,134,179,45,0,0,0,0,287,217,7966,6744,2036,2169,1628,335,112,0,10391,397,1317,1588,6465,34,66,34,5629,9343,2243,4076,0,0,0,43,1493,2560,15415,10986,4183,4183,0,0,0,0,3588,10887,30887,13773,20000,20000,20000,20000,2110,1101,0,4083,0,0,0,0,50,50,0,0,0,0,0,0,0,0,0,0,32500,13125,8750,6250,0,0,4760,1154,0,0,0,0,14099,7658,12207,11486,1671,4570,2064,442,50,0,0,14650,0,0,56793,43713,17512,15821,24279,31579,31579,15215,24833
dirty,20000,1996,2137,1366,2452,443,1530,0,0,0,35,0,35,3965,0,19161,19161,484,248,0,248,248,0,0,0,0,0,0,0,0,0,0,227,0,70,313,0,313,0,0,1983,83,845,4414,19946,23313,3943,38041,26340,2603,6996,10244,16495,7887,1054,638,28,416,10253,2399,3712,505,297,1248,654,238,14199,18988,110,9171,6998,4322,4862,8467,3932,475,4678,16881,408,31,188,188,549,2873,231,231,12409,5365,1898,620,0,9,629,527,7497,636,443,3707,441,5647,1529,2853,3095,348,0,348,0,0,20417,0,170,2772,8034,283,2000,659,878,98,0,0,0,0,1944,0,4085,5155,2712,113,3023,2486,190,158,225,32,0,55,0,0,190,508,7773,6613,1745,7057,1274,98,0,0,10098,376,455,1559,3603,0,46,75,6118,8389,2447,3954,0,0,0,0,1404,1945,16204,10905,4079,4079,0,0,0,0,3570,10452,31011,13892,20000,20000,20000,20000,1797,1290,0,4240,0,0,0,0,0,0,0,0,0,0,0,0,0,0,0,0,35094,14465,10692,7044,0,0,4308,769,0,0,0,0,18118,8009,12910,12166,2429,5190,2238,286,48,0,0,15470,0,0,81247,60241,17827,14989,23370,32318,32318,14790,25651
dirty,20000,1842,1875,1349,2336,237,1635,0,0,0,72,0,72,3784,0,19453,19453,514,67,0,67,401,0,0,0,0,0,0,0,0,0,891,517,0,34,310,0,310,0,22,1760,110,879,4607,19308,23541,3892,36230,24700,2301,6186,7811,15896,6024,881,767,28,369,11378,2541,3595,595,522,1594,841,145,14812,19275,42,9414,6839,4414,8018,8287,3493,205,5342,16438,427,28,114,57,429,1218,245,245,12180,6018,1694,577,0,0,494,413,7386,426,213,3739,256,5597,1790,2955,3179,362,0,322,0,351,16140,0,227,2894,8170,284,1789,553,737,105,0,0,0,0,2358,0,4148,5398,3263,181,3384,2054,362,289,210,72,0,0,0,44,420,361,7988,10100,1814,4958,1862,0,0,0,11059,314,960,1973,1146,0,34,0,5893,12506,2069,4321,78,0,0,0,889,2095,16093,10180,4834,4834,0,0,0,0,3261,10334,28527,13635,20000,20000,20000,20000,2047,1237,0,4648,0,0,0,0,0,0,0,48,0,0,0,0,0,0,0,0,31818,11818,10303,6061,0,0,4375,673,0,0,0,47,16464,8036,15750,11750,1923,4663,2308,288,0,0,143,15534,0,0,91493,70634,17719,15833,23816,31973,31973,15432,25809
dirty,20000,1933,1500,1500,2500,203,1503,0,0,0,38,0,38,4356,0,20429,20429,429,94,0,94,343,0,0,0,0,0,0,0,0,0,1333,222,0,36,397,0,397,0,28,1547,113,1075,4677,19624,19655,3819,37764,25628,2261,6803,10150,16054,7540,1124,991,27,482,10969,2565,4311,437,382,1265,618,294,14189,19588,56,8970,7001,4164,4554,8501,3664,388,4741,15991,374,29,115,173,522,2065,247,247,13182,6061,1667,379,0,23,381,417,7528,674,197,3539,402,5661,1638,2586,2705,205,0,205,0,432,22158,144,166,2857,8100,83,2023,384,819,102,0,0,0,0,2401,0,3982,5769,2789,180,3628,2399,117,311,579,0,53,0,0,53,144,204,7560,11817,1610,2108,1707,221,0,0,10718,382,1562,2443,7409,0,23,45,4956,8961,1991,3929,0,0,0,0,1074,2508,15535,9672,5094,5094,0,0,0,0,3852,9481,30370,13679,20000,20000,20000,20000,2188,1170,0,4377,0,0,0,0,50,0,0,0,0,0,92,46,0,0,0,0,35000,12333,9667,6333,0,0,4218,758,0,0,0,0,17289,7976,11984,11041,2377,4961,2067,517,94,0,0,14906,0,0,75600,65320,16974,15351,23465,31224,31224,14985,23403
dirty,20000,1974,1414,1382,2401,184,1379,0,0,0,35,0,35,4632,0,20032,20032,612,101,0,101,335,0,0,0,0,0,0,0,0,0,714,429,0,34,344,0,344,0,33,2135,164,1162,4351,20135,23542,3788,36622,24318,2099,6849,10238,14346,7809,1029,723,83,612,10610,2679,3873,504,262,1017,872,233,14205,19537,141,9423,6995,4259,5706,8374,3397,409,4777,15581,417,119,179,119,534,451,646,646,12399,5203,1771,369,0,7,622,228,7439,627,191,3815,323,6050,1703,2761,2801,132,0,231,0,364,19090,182,142,2926,8153,170,1848,574,699,75,0,0,0,0,2295,0,3683,5892,2073,58,3066,2365,67,202,148,101,0,0,0,0,144,503,9640,11376,1978,3440,1319,369,0,0,9677,459,989,1582,1741,0,48,34,6033,7105,2975,3122,0,0,0,0,1319,904,14904,10318,4493,4493,0,0,0,0,3643,10186,30112,13532,20000,20000,20000,20000,2069,1293,0,4483,0,0,0,0,0,0,0,0,0,0,0,49,0,0,0,0,38395,14212,10201,6533,0,0,4691,825,0,0,0,67,19402,7925,13645,12075,2536,4641,2488,431,150,0,50,15489,0,0,81457,83015,17637,15361,24333,32611,32611,15911,25320
dirty,20000,2038,2075,1547,2717,278,1304,0,0,0,0,0,0,4251,0,20461,20461,659,191,0,191,191,0,0,0,0,0,0,0,0,14,1165,222,0,0,439,0,439,0,0,1351,169,1119,4501,19467,24504,3985,37957,25271,2396,7111,10313,15723,8049,1180,686,82,274,11508,2988,3375,553,344,1346,563,156,13395,19137,159,8269,6620,4308,7405,8383,3639,520,4901,15718,462,0,116,231,569,1926,479,479,13000,5842,1684,526,0,16,660,650,7424,845,211,3593,490,5159,1527,2882,2912,153,0,421,0,360,18423,225,210,2576,7674,420,1821,696,857,107,0,0,0,0,2367,0,4012,5830,2791,87,3663,2209,70,104,171,70,0,0,0,62,244,492,8020,6644,2154,4026,1846,196,0,0,7843,230,942,1609,7333,0,0,124,5854,12683,2878,3873,0,0,0,0,1262,3713,15495,10519,3904,3904,0,0,0,0,3475,10000,30085,13136,20000,20000,20000,20000,2308,1442,0,5000,0,0,0,0,0,53,53,0,0,0,45,0,0,0,0,0,35010,13306,10020,6653,0,0,4793,1152,0,0,0,47,29505,9396,15549,12143,2441,4507,2019,376,50,0,50,15285,0,0,77778,73183,18013,15385,24744,33205,33205,15614,24771
dirty,20000,2222,1997,1288,2158,207,1419,0,0,0,71,0,71,3679,0,19254,19254,519,100,0,100,630,0,0,0,0,0,0,0,0,0,574,312,0,35,278,0,278,0,34,1661,68,1365,4735,20641,20058,3507,38196,26074,2338,7035,10023,14226,7796,970,827,29,342,11469,2910,3927,452,360,1141,751,180,13783,18313,220,8721,6969,4533,8002,8533,3773,436,4689,15333,521,55,137,82,452,1415,339,339,12788,6583,2055,755,0,39,324,486,6897,718,308,3513,429,5486,1657,2600,2992,189,0,265,0,361,19699,181,111,3158,8283,139,2058,576,741,27,0,0,0,0,1974,0,3512,5573,2861,60,3517,2414,307,383,276,38,0,0,0,0,242,329,8406,10487,1643,1472,1256,0,0,0,6467,312,477,1455,6993,0,38,32,5742,12640,2488,6049,0,0,0,0,1330,2264,14528,7896,5472,5472,0,0,0,0,3445,10420,30000,14034,20000,20000,20000,20000,1847,1036,0,4640,0,0,0,0,0,0,0,0,0,0,59,59,0,0,0,0,35170,13333,9341,6307,0,0,4783,821,0,0,0,0,17143,8525,15760,12166,2569,4450,2339,321,0,0,0,14593,0,0,88889,72143,18144,16056,25429,33472,33472,15324,25648
dirty,20000,1839,1566,1407,2384,291,1547,0,0,0,0,0,0,4253,0,20204,20204,654,161,0,161,643,0,0,0,0,0,0,0,0,0,649,324,0,35,277,0,277,0,0,1672,171,1245,4894,20113,25311,4097,35485,24207,2313,6838,10803,15967,8444,1127,958,0,310,10611,2334,3664,461,286,1314,685,200,13322,19167,90,8443,6595,4169,6856,8298,3557,395,4743,15283,571,57,86,143,622,1949,296,296,12697,5864,1494,636,0,33,474,466,7257,788,197,3769,371,5629,1771,2686,2896,117,0,391,0,385,19260,207,73,3094,8258,195,2194,703,647,56,0,0,0,0,2571,0,4604,6188,2752,113,3035,2156,543,148,361,0,0,0,0,78,348,476,7826,11539,2146,1513,1610,0,0,0,2029,207,896,1451,7479,132,30,44,5689,7392,2013,5028,0,0,0,0,1106,1858,7452,6652,2452,2452,0,0,0,0,3682,10000,29496,13605,20000,20000,20000,20000,2336,1262,0,4393,0,0,0,0,50,0,0,0,0,0,44,0,0,0,0,0,34783,13333,9689,7122,0,0,4491,587,43,0,0,0,17651,8012,16687,12349,2533,4311,2311,356,0,0,0,22326,0,0,78547,55419,17182,14727,23000,31167,31167,14875,24375
dirty,20000,1758,1824,1592,2255,214,1527,0,0,0,37,0,37,4336,0,19475,19475,656,100,0,100,234,0,0,0,0,0,0,0,0,2,512,257,0,0,305,0,305,0,0,1588,34,1015,4636,20329,13713,3932,39450,26606,2516,6058,7790,15477,5682,1229,1313,28,279,11801,2825,3629,332,297,1129,594,178,13542,19115,109,8529,6952,4490,7929,8903,3488,375,4437,14879,588,84,140,196,467,624,321,321,12259,5889,1704,444,0,16,592,479,7650,430,143,3897,526,5322,1754,2749,3284,213,0,469,0,301,18419,201,164,2978,8087,55,2041,771,658,113,0,0,0,0,2097,0,3921,5532,2938,28,3362,1864,228,456,615,114,0,0,0,0,95,921,7905,11336,1922,4410,1281,0,0,0,2486,199,621,2040,7616,44,81,89,5581,7662,2442,5245,0,0,0,44,1019,1964,12915,10756,4221,4221,0,0,0,0,3493,10672,31555,13628,20000,20000,20000,20000,2481,1165,0,4557,0,0,0,0,50,0,0,0,0,0,47,0,0,0,0,0,35050,13584,9624,6416,0,0,4964,1012,42,0,0,0,18701,8571,15628,12208,2027,4459,1982,270,0,0,0,15420,0,0,98412,58615,18776,18367,28571,32533,32533,14889,25289
dirty,20000,1992,1711,1686,2631,136,1519,0,0,0,0,0,0,4024,0,20033,20033,694,76,0,76,497,0,0,0,0,0,0,0,0,11,773,413,0,36,254,0,254,0,44,1798,44,996,4549,19650,23254,4282,39115,25742,2990,7121,10150,14487,8213,1278,889,83,389,10990,2873,3794,558,306,1180,837,162,12246,19333,119,8111,6839,4305,5627,8233,3639,500,4972,15889,462,29,115,144,620,2190,384,384,12028,5944,1493,479,0,53,350,486,7380,507,169,3577,486,5207,1745,3033,3038,145,0,289,0,257,19780,257,176,3116,7688,151,1991,573,905,121,0,0,0,0,2309,0,4329,5397,3013,29,3587,2037,125,251,234,42,0,0,0,0,377,422,7908,10951,1751,3591,1475,0,0,0,2452,199,960,1741,7105,91,23,0,6049,7624,2488,1943,41,0,0,0,1343,2180,7752,11312,2636,2636,0,0,0,0,3520,9796,29388,13520,20000,20000,20000,20000,2494,959,0,4221,0,0,0,0,0,0,0,0,0,0,0,49,0,0,0,0,35362,12795,9979,6915,0,0,4861,833,0,0,0,0,20133,8142,11283,12080,2000,4769,1846,77,0,0,0,17015,0,0,68760,50041,18147,15819,24798,30223,30223,13929,24911
dirty,20000,1983,1983,1513,2487,210,1304,0,0,0,34,0,34,3832,0,19304,19304,443,212,0,212,389,0,0,0,0,0,0,0,0,11,742,292,0,104,417,0,417,0,34,1533,34,1070,4986,20141,19345,3922,36312,25112,2615,7291,10692,11062,8501,1113,827,57,342,10718,2809,3420,458,274,1119,879,240,13471,18919,101,8619,6686,4063,7505,7960,3488,284,4651,15323,266,30,89,89,709,1241,493,493,11444,5223,1575,577,0,51,513,629,7546,511,255,3660,426,5540,1449,3182,4000,0,0,348,0,173,18470,260,129,3140,7799,154,2059,677,818,85,0,0,0,0,2467,0,4093,5660,3239,162,3617,1862,268,268,350,0,0,0,0,0,159,678,8042,12871,1884,1801,1546,36,0,0,2868,296,1546,1679,1197,41,31,82,5651,13074,2730,2935,0,0,0,0,748,1131,7756,7019,2000,2000,0,0,0,0,3566,10492,30451,13484,20000,20000,20000,20000,2166,1152,0,3917,0,0,0,0,50,0,0,0,0,0,0,0,0,0,0,0,35957,13617,9787,5319,41,0,4877,1066,0,0,0,0,30451,8689,12295,10410,1859,4399,2041,227,0,0,0,15556,0,0,75949,54473,18730,17619,26667,32078,32078,15195,25519
dirty,20000,1863,1957,1180,2112,279,1166,0,0,0,35,0,35,4132,0,19891,19891,582,39,0,39,235,0,0,0,0,0,0,0,0,0,591,441,0,73,401,0,401,0,26,1747,78,947,4395,19342,23881,3983,37967,26369,2593,7233,10922,16035,8111,944,687,86,315,11091,2682,3818,591,301,864,1055,319,13744,19542,89,8789,6653,4077,6776,7835,3727,563,4531,15442,328,33,33,99,706,2109,245,245,13010,6020,1455,342,0,7,474,402,7216,455,284,3722,547,5727,1439,2245,2824,471,0,941,0,0,22553,426,195,3096,8452,139,1891,716,831,29,0,0,0,0,2421,0,3833,5303,2799,252,3208,2484,375,322,288,0,0,0,0,0,227,439,7937,12502,2108,3294,1425,34,0,0,2466,369,1033,1751,7099,0,0,90,5774,12506,2125,5897,78,0,0,39,1489,1170,7228,11281,2129,2129,0,0,0,0,3425,10190,29387,12981,20000,20000,20000,20000,2130,1389,0,5046,0,0,0,0,0,49,0,49,0,0,0,60,0,0,0,0,33231,13538,9538,6462,0,0,4631,739,0,0,0,0,18190,8100,9548,11448,2741,4798,2741,249,43,0,86,15076,0,0,66263,52234,18222,18222,26222,32052,32052,15721,24498
