Class,CPU_CLK_UNHALTED.REF_TSC,L2_RQSTS.ALL_PF,ICACHE.IFETCH_STALL,BR_INST_RETIRED.NEAR_TAKEN,BR_INST_RETIRED.NEAR_TAKEN_PS,BR_INST_RETIRED.NOT_TAKEN,BR_MISP_EXEC.ALL_BRANCHES,L1D_PEND_MISS.PENDING_CYCLES,L2_RQSTS.DEMAND_DATA_RD_HIT,L2_RQSTS.DEMAND_DATA_RD_MISS,BR_INST_RETIRED.NEAR_CALL_R3,BR_INST_EXEC.TAKEN_INDIRECT_JUMP_NON_CALL_RET,MEM_LOAD_UOPS_L3_HIT_RETIRED.XSNP_NONE_PS,L2_RQSTS.ALL_RFO,L2_LINES_OUT.DEMAND_DIRTY,L2_TRANS.L2_WB
1,20000,686,877,8810,7368,6953,1016,4143,672,778,2990,244,378,145,196,183
1,20000,526,1327,8922,8673,6865,891,3745,574,863,2924,277,309,212,245,87
1,20000,517,1372,9059,8411,6879,937,3379,489,692,2743,205,304,202,208,159
1,20000,576,1032,8961,7582,6351,969,3683,665,764,3051,164,289,145,195,130
1,20000,550,1034,7057,8372,5280,788,3624,622,803,2776,177,245,99,284,139
1,20000,523,1858,9399,8194,7173,785,3725,688,797,3203,206,293,140,242,174
1,20000,554,1612,7740,9007,4202,633,3979,544,878,3465,135,228,111,260,117
1,20000,508,1527,8253,7488,6651,958,3666,550,823,2874,170,250,135,243,166
1,20000,559,2049,8172,8541,5922,764,3955,677,830,2526,198,290,130,294,144
1,20000,560,1560,9140,7753,6857,917,3542,746,828,2607,170,244,131,248,156
1,20000,546,1466,7930,7389,5920,993,3901,612,817,2346,199,257,154,321,165
1,20000,452,1183,8291,9138,6286,912,4006,675,896,2882,123,386,116,233,108
1,20000,495,1271,8823,9384,6181,797,3690,628,793,2649,177,243,150,263,155
1,20000,472,1735,9612,8652,6622,796,3515,479,837,2486,185,262,156,283,125
1,20000,468,1249,8325,7696,6077,960,3827,560,775,2895,222,260,126,263,157
1,20000,583,1495,8927,8335,6866,829,3945,572,673,3075,205,248,121,249,153
1,20000,655,1435,9117,9084,7161,995,4544,654,769,3022,251,377,127,189,175
1,20000,534,1480,9157,9276,6930,883,4358,562,862,3023,238,302,181,226,64
1,20000,509,1692,8973,7704,6982,896,3731,474,690,3179,181,314,182,184,159
1,20000,554,1320,8953,8114,6811,961,3771,676,759,3220,147,284,115,177,110
1,20000,539,1494,7326,8827,5517,776,3711,610,774,2763,158,231,96,271,156
1,20000,504,1511,8853,9138,6666,918,4366,706,833,2794,148,161,65,227,66
1,20000,474,1327,9226,8276,6937,976,4366,811,617,2906,104,187,106,240,145
1,20000,391,1455,8168,7453,6325,857,4297,682,846,2693,139,397,167,333,143
1,20000,629,1524,8443,9209,6493,754,3806,608,666,3195,238,300,80,288,108
1,20000,477,1453,8581,8257,6385,729,4417,658,755,2843,249,262,163,318,205
1,20000,461,1483,8694,8683,6710,835,3865,520,694,2993,205,219,120,190,197
1,20000,418,2032,7145,8874,5154,917,3744,682,845,2825,203,261,134,286,137
1,20000,422,1393,8982,9233,6778,942,4232,632,867,2498,169,320,143,287,205
1,20000,538,1294,9055,8132,6943,843,4088,639,675,2785,217,350,66,266,184
1,20000,658,1887,9123,9075,6446,871,4198,579,809,2772,224,318,130,316,117
1,20000,455,1785,7977,8765,5134,803,3837,650,786,2998,122,199,84,324,185
1,20000,611,1539,6851,6753,5068,1000,3834,682,693,2824,168,193,128,268,198
1,20000,564,1210,8166,7200,6074,940,4475,659,771,2964,133,173,118,302,171
1,20000,575,1636,9270,8419,6862,967,3739,575,797,2998,235,196,123,170,106
1,20000,438,1512,7627,9322,5593,999,4019,645,750,2853,216,237,181,329,138
1,20000,410,1445,7272,8043,5384,945,3752,647,810,2991,227,262,147,219,74
1,20000,488,1603,8278,9469,6519,993,4294,669,686,2985,229,217,159,313,51
1,20000,589,1354,9461,9426,6999,823,4040,652,691,2574,185,295,95,239,109
1,20000,451,1032,9025,7759,6877,672,4361,603,737,2807,91,246,134,302,120
1,20000,658,1458,9012,8608,6753,962,4531,630,810,2703,207,345,130,268,98
1,20000,540,1543,9433,8679,7082,870,4754,544,846,2298,182,235,108,270,99
1,20000,571,1527,8880,9566,6387,873,4750,629,760,2605,170,241,120,256,149
1,20000,484,1790,8152,8920,6354,913,4446,630,671,2925,158,216,75,166,131
1,20000,487,1530,8431,8073,6224,921,3981,573,810,3042,231,257,95,264,178
1,20000,674,1574,8650,8558,6151,869,3741,602,806,2785,222,362,150,319,114
1,20000,456,1314,8087,8948,5025,815,3697,663,797,2650,151,213,101,352,172
1,20000,596,1478,6729,8831,4906,802,3730,684,702,2765,180,221,165,260,220
1,20000,597,851,7879,8988,5614,970,4294,655,774,2431,150,184,111,313,179
1,20000,612,1295,8890,9132,6460,748,3925,586,671,2827,222,254,131,247,160
1,20000,512,1263,8558,8092,6594,935,3682,491,819,2594,170,229,154,223,120
1,20000,576,1424,8166,9289,5915,935,3646,654,804,3272,188,278,154,298,126
1,20000,456,912,8267,8017,6025,969,4701,402,565,2185,157,272,113,285,223
1,20000,657,1247,7318,9207,5263,789,3484,706,703,2472,169,249,130,264,131
1,20000,522,1120,9325,9464,6886,794,3689,661,784,2894,198,217,134,277,141
1,20000,472,1547,8065,8900,5947,1003,3989,627,732,2789,202,232,157,246,158
1,20000,527,1370,8968,8266,6650,934,3911,699,726,2615,150,251,159,280,142
1,20000,440,1152,8841,8405,6783,841,4073,590,793,2734,181,258,161,306,118
1,20000,498,1818,8411,9392,6029,1005,3442,619,874,2548,203,237,161,281,130
1,20000,554,1263,9249,8445,7357,902,3944,582,771,3088,225,259,145,234,168
1,20000,629,1240,9119,9068,6479,880,4024,627,695,2768,186,245,132,256,170
1,20000,448,1029,8958,8277,6731,877,4224,674,704,2447,190,234,126,254,153
1,20000,575,1161,7833,8714,5518,946,4206,573,917,2541,169,238,143,265,138
1,20000,560,1141,7557,6729,5205,861,4322,668,726,2440,177,257,117,242,148
1,20000,448,1471,8940,9026,6887,842,4145,670,780,2789,167,263,95,279,133
1,20000,547,1397,7573,8269,5703,726,4072,566,658,2706,177,247,154,286,150
1,20000,558,942,8571,8304,6461,966,3964,619,746,2756,180,293,113,260,182
1,20000,507,1358,8501,8614,6456,778,3542,649,827,2388,181,236,160,258,163
1,20000,637,1593,7955,8788,6287,985,4114,644,800,2596,186,219,128,268,144
1,20000,488,2267,9183,9019,7055,1004,4064,623,667,2705,254,347,141,210,97
1,20000,467,1481,8049,8364,5779,969,3996,654,784,2605,353,305,223,224,154
1,20000,489,1488,8487,8734,6047,801,4089,567,617,2754,180,234,131,260,159
1,20000,526,1382,8799,8578,6501,787,3694,543,821,2475,219,310,154,257,188
1,20000,453,1352,8425,8112,6358,889,3214,619,755,2869,275,348,145,196,111
1,20000,493,1640,7622,9167,5655,973,3621,783,810,2601,218,261,55,155,102
1,20000,481,1591,8539,8404,6595,936,4629,471,585,2661,122,226,162,236,175
1,20000,415,1544,8466,7408,6327,942,3697,769,712,2868,192,205,140,189,185
1,20000,542,1527,8494,9772,6344,985,4511,615,821,2900,184,272,92,217,103
1,20000,598,1496,8931,9433,6898,891,3841,502,723,3166,167,329,65,269,120
1,20000,422,1728,9213,9051,6342,939,4861,592,747,2618,257,307,79,254,153
1,20000,621,1457,9179,9393,6517,665,4101,544,665,2863,178,234,62,154,156
1,20000,393,1744,8733,7935,6420,922,4253,586,708,2933,182,220,222,202,155
1,20000,592,1762,9044,6880,6505,992,4287,506,730,2518,190,322,97,195,63
1,20000,382,1710,9294,8729,6949,681,4678,675,808,2360,237,276,148,174,115
1,20000,560,1439,9068,8935,6894,825,5004,596,675,2469,208,269,172,215,130
1,20000,530,1317,9203,9587,6812,985,4012,606,661,3182,191,264,121,210,208
1,20000,472,1431,7940,8837,6051,1010,4230,717,750,3242,179,293,138,266,95
1,20000,607,1466,8558,9009,6560,855,3696,617,780,2861,224,300,204,234,153
1,20000,481,1539,9015,8195,6599,969,4470,539,861,2506,155,243,112,239,145
1,20000,476,1513,8455,8225,6404,940,4467,576,814,2624,183,233,139,257,165
1,20000,484,1652,7433,7771,5641,677,3821,574,754,3036,179,352,177,241,156
1,20000,546,1601,8438,8168,6196,856,4238,720,782,2728,173,230,124,260,131
1,20000,519,1357,7927,8352,5567,995,4053,645,754,2921,174,262,117,242,148
1,20000,499,1768,7838,7846,5754,966,3612,581,723,3127,149,252,105,233,143
1,20000,521,1580,9227,9280,7183,899,4346,616,689,2945,180,235,114,253,146
1,20000,498,1455,8548,7668,6919,1006,4309,599,722,2440,166,219,115,240,147
1,20000,550,1910,9217,8186,7126,948,5187,594,692,2242,184,250,124,264,135
1,20000,412,1618,9241,9086,6925,890,4421,716,691,2802,182,211,148,252,121
1,20000,529,1389,7942,7963,5711,885,4902,490,617,2467,197,237,129,224,144
1,20000,505,1543,9654,8454,6854,741,4101,573,744,2708,185,251,117,237,148
1,20000,482,1901,9422,8054,6759,890,4413,618,745,2999,176,271,121,259,131
1,20000,468,1378,8295,8923,6330,1019,4077,568,687,3228,173,218,96,210,43
1,20000,606,1272,9217,7482,6946,877,3688,665,706,2386,205,290,104,237,113
1,20000,456,1153,8769,9064,6636,642,4453,626,731,2614,88,245,143,320,148
1,20000,646,1253,8961,7639,6634,861,4215,656,816,2545,208,353,145,279,108
1,20000,532,1469,9281,7640,6930,887,4340,555,871,2004,200,256,131,288,101
1,20000,558,1664,8495,8102,6051,991,4475,646,786,2651,198,242,107,288,162
1,20000,504,1428,8447,8870,6276,980,3984,542,875,2395,175,264,112,251,176
1,20000,482,1218,8159,9491,6238,953,4032,574,807,2452,206,242,156,283,184
1,20000,505,1095,7136,9090,5154,714,3662,587,767,2700,203,378,201,254,171
1,20000,544,1476,8271,8338,5954,881,3886,722,790,2668,183,258,148,297,154
1,20000,507,1254,7552,7277,5512,1003,3939,654,766,2665,188,265,118,256,168
1,20000,514,1376,7671,8904,5570,964,3409,604,719,2769,153,236,113,218,147
1,20000,526,1439,9564,8269,7427,826,3778,554,894,2879,167,233,130,247,135
1,20000,529,1529,7667,8692,5691,958,3957,541,775,3180,168,223,104,236,136
1,20000,457,1475,7629,7643,5457,981,3991,593,678,2997,186,265,132,221,140
1,20000,446,1813,9316,8483,6917,885,4165,563,770,3002,170,236,115,282,145
1,20000,484,1677,8767,8062,6944,966,3646,548,689,2649,176,220,147,258,88
1,20000,504,1640,8774,9194,6745,988,4218,703,869,2964,140,243,106,278,131
1,20000,458,1267,9017,8348,6667,792,4041,625,719,2779,151,229,125,238,130
1,20000,476,1841,9264,8305,6732,862,3766,672,809,3168,189,231,117,210,149
1,20000,525,1672,8968,9327,6622,926,3948,488,814,2714,145,208,136,221,122
1,20000,541,1849,8524,8793,6167,897,3901,640,785,3341,163,272,148,272,116
1,20000,453,1295,8343,8943,6122,978,4911,406,555,2414,153,255,105,258,214
1,20000,646,1438,7683,9010,5668,902,3750,673,693,2807,145,229,128,255,106
1,20000,520,1518,9453,7042,7086,741,4042,651,790,3300,156,205,125,254,146
1,20000,434,1594,8369,8860,6430,999,4408,640,709,2900,184,219,144,256,155
1,20000,486,1502,9331,9057,6894,914,4164,695,716,3051,151,236,124,254,136
1,20000,424,1295,9041,8889,6855,992,4096,572,780,2868,158,232,143,309,104
1,20000,480,2024,8931,8621,6551,1011,3746,609,848,2590,171,228,144,280,127
1,20000,545,1487,9286,9108,7245,794,4127,570,752,3236,198,234,148,208,151
1,20000,598,1518,9506,8554,6991,707,4397,594,672,3040,167,205,110,257,142
1,20000,429,1336,9165,8577,7183,871,4213,669,688,2664,165,247,107,244,141
1,20000,537,1713,8332,8886,5997,933,3940,577,805,2857,186,253,130,306,131
1,20000,450,1463,8496,8850,6391,651,4124,666,891,3290,116,354,94,218,114
1,20000,490,1535,9192,9288,6607,906,3968,609,766,2750,153,222,128,231,130
1,20000,461,1911,9764,8975,7013,836,3897,462,817,2964,170,242,139,278,128
1,20000,476,1561,8432,8618,6198,937,3984,536,760,3157,203,265,117,263,122
1,20000,493,1598,8641,9148,6995,950,3901,546,818,2887,154,238,124,222,145
1,20000,541,2018,8242,8891,6105,850,4210,664,844,2807,171,266,102,269,143
1,20000,531,1560,9265,8676,7115,665,3668,723,821,2936,172,216,105,235,145
1,20000,548,1419,8337,8281,5936,950,4365,560,887,2807,148,230,132,264,137
1,20000,541,1463,7832,9248,5497,948,4319,645,714,2571,175,238,112,225,138
1,20000,446,1914,9104,9059,7080,764,4159,646,781,2841,167,239,98,247,129
1,20000,537,1500,8152,7928,5922,996,4093,551,634,2987,174,243,130,262,114
1,20000,564,1307,8840,8919,6793,946,4327,611,725,2863,162,269,104,225,160
1,20000,481,1661,8871,9050,6784,715,3904,637,813,2627,167,225,141,239,149
1,20000,627,1774,8518,8335,6481,971,4512,649,802,2734,202,208,107,245,133
1,20000,494,2330,9093,7771,7055,1005,4426,595,648,2645,238,343,127,186,84
1,20000,470,1701,8337,8126,6166,969,4327,662,787,2831,325,302,181,217,130
1,20000,448,1673,8848,8872,6292,862,4700,552,607,2828,164,210,107,253,134
1,20000,529,1568,8911,9149,7053,675,4166,556,812,2830,185,308,148,245,159
1,20000,447,1823,8662,9372,6542,875,3330,595,745,3163,248,325,147,178,93
1,20000,490,2074,7693,9525,5957,977,4147,782,775,3087,230,248,28,145,90
1,20000,483,1861,8749,8621,6874,916,4976,457,568,2968,103,222,139,225,165
1,20000,378,1892,8547,7896,6469,937,3934,747,709,3159,187,177,149,163,185
1,20000,554,1441,8099,7569,5979,1006,4435,633,822,2648,202,292,108,222,116
1,20000,595,1522,8602,8810,6543,681,3329,516,737,2879,173,333,89,271,132
1,20000,459,1296,8946,9000,6036,968,4881,590,776,2167,263,316,102,267,151
1,20000,515,1283,8526,6831,6814,650,4300,624,728,2100,176,225,120,248,176
1,20000,560,1436,8978,7474,6559,990,4981,621,689,1959,201,262,124,262,161
1,20000,431,1001,8920,9084,6859,984,4243,710,722,2422,209,222,170,264,129
1,20000,552,1190,7768,8692,5427,876,4808,503,636,2365,213,241,151,243,144
1,20000,507,1424,9454,8836,6517,830,3735,571,739,2506,189,242,145,235,159
1,20000,495,1903,9279,8611,6774,859,3962,637,744,2713,190,260,144,270,159
1,20000,460,865,8063,8990,6165,860,3700,599,704,2869,168,244,90,232,57
1,20000,536,1136,9258,8772,7170,688,3486,584,911,2525,198,260,148,256,149
1,20000,550,1225,7433,7999,5491,964,3834,527,797,2871,186,213,121,246,146
1,20000,474,1408,7348,9216,5478,991,3822,588,694,2546,202,279,151,234,157
1,20000,446,1584,8905,8741,6523,671,4074,580,772,2885,155,251,128,269,178
1,20000,499,1721,8417,7468,6404,962,3568,558,725,2585,214,256,147,261,108
1,20000,519,1399,8807,9071,6521,998,3925,705,892,2559,159,244,130,281,129
1,20000,456,1228,8578,8167,6258,751,3982,628,738,2557,176,220,145,260,167
1,20000,485,1600,8826,7776,6530,875,3755,665,837,3094,199,230,108,231,167
1,20000,624,1387,8999,8327,6411,660,3855,553,668,2471,173,248,84,195,158
1,20000,420,1536,8239,8166,6256,807,3757,596,733,2594,226,252,235,211,162
1,20000,599,1443,8744,9188,6532,694,4090,525,738,2091,196,353,111,200,85
1,20000,405,1392,9128,9290,6788,857,4461,693,812,2218,258,295,157,184,133
1,20000,583,1252,8667,9261,6917,797,4674,596,658,2312,234,285,189,221,132
1,20000,534,1101,8706,8506,6748,972,4135,624,689,2977,213,271,132,249,207
1,20000,500,1197,7565,8227,5734,1016,3846,728,767,3112,176,290,147,274,82
1,20000,639,1126,8308,7470,6001,874,3553,645,774,2664,225,332,231,256,158
1,20000,428,1045,7793,8789,6047,845,3956,692,855,2234,138,426,200,349,145
1,20000,642,1152,8056,8766,6234,773,3468,600,660,3043,230,333,102,294,125
1,20000,506,1287,8429,9282,6285,836,3926,673,770,2682,270,283,152,333,232
1,20000,462,1281,8374,8807,6506,857,3682,536,716,2770,213,223,150,191,232
1,20000,413,1765,7004,7750,5145,650,3595,676,868,2731,193,261,155,290,161
1,20000,437,1252,8816,8308,6603,975,4027,657,875,2398,195,350,160,301,202
1,20000,551,1104,8842,8544,6392,790,3736,645,693,2624,234,362,80,293,217
1,20000,523,1134,8701,8561,6615,945,4147,713,830,2417,166,156,91,254,94
1,20000,507,1161,8922,9599,6407,881,4050,821,626,2660,99,189,129,246,145
1,20000,491,1606,7737,8877,5900,940,3989,642,676,2728,168,228,83,170,156
1,20000,498,1006,8045,8666,5887,938,3637,565,829,3022,237,276,100,270,193
1,20000,529,1719,9041,8870,7117,741,3709,690,808,2986,227,299,149,246,178
1,20000,582,1367,7441,8033,3980,627,4094,567,883,3150,157,244,122,266,98
1,20000,582,1361,8796,9215,6896,1007,3220,592,805,2681,243,189,130,197,121
1,20000,443,1374,7386,9063,5336,670,3736,669,767,2900,213,248,186,331,162
1,20000,435,1364,7111,8792,4786,961,3436,673,854,2652,230,278,160,239,84
1,20000,496,1490,8021,7462,6019,1001,4228,688,711,2784,242,213,173,339,44
1,20000,538,1357,8918,9026,6852,620,3942,639,725,2616,194,256,124,279,174
